email_id,subject,body,label,dataset_id,thread_id,sender_group,timestamp
D1_1000,Request for budget approval for Q3 marketing campaign,"Dear Manager, Please find attached the budget proposal for the Q3 campaign. Could you review and approve the requested funds by Friday? Best regards.",request,business_intent,TH_100,GRP_1,2026-01-01T00:00:00+00:00
D1_1001,Access request to project analytics dashboard,"Hi IT Support, I need read-write access to the analytics dashboard for the new project. Please assign the appropriate permissions. Thanks!",request,business_intent,TH_101,GRP_2,2026-01-01T03:07:00+00:00
D1_1002,Request for software license renewal,"Hello Procurement, Our team requires 5 additional licenses for the IDE software. Please process this request at your earliest convenience.",request,business_intent,TH_102,GRP_3,2026-01-01T06:14:00+00:00
D1_1003,Data export request for financial audit,"Hi Team, Can you please export the sales transaction records for the last fiscal year and send them over as a CSV file? Thank you.",request,business_intent,TH_103,GRP_4,2026-01-01T09:21:00+00:00
D1_1004,Request for design assets for mobile app launch,"Dear Creative Team, We need the high-resolution logo files and icons for the upcoming mobile application release. Appreciate your help.",request,business_intent,TH_104,GRP_5,2026-01-01T12:28:00+00:00
D1_1005,Equipment request: Dual monitor setup for new developer,"Hi Facilities, A new developer is joining our team next Monday. Could you please arrange a dual-monitor workstation setup at Desk 42? Thanks.",request,business_intent,TH_105,GRP_1,2026-01-01T15:35:00+00:00
D1_1006,API documentation request for third-party integration,"Hello Engineering, Could you share the updated API specs and sample payloads for the payment gateway service? Best regards.",request,business_intent,TH_106,GRP_2,2026-01-01T18:42:00+00:00
D1_1007,Leave request for upcoming conference,"Hi Lead, I would like to request leave from October 12 to October 15 to attend the annual AI developer conference. Please approve. Thanks!",request,business_intent,TH_107,GRP_3,2026-01-01T21:49:00+00:00
D1_1008,Request for budget approval for Q3 marketing campaign - Ref #108,"Dear Manager, Please find attached the budget proposal for the Q3 campaign. Could you review and approve the requested funds by Friday? Best regards. (Tracking code: TRK-208)",request,business_intent,TH_108,GRP_4,2026-01-02T00:56:00+00:00
D1_1009,Access request to project analytics dashboard - Ref #109,"Hi IT Support, I need read-write access to the analytics dashboard for the new project. Please assign the appropriate permissions. Thanks! (Tracking code: TRK-209)",request,business_intent,TH_109,GRP_5,2026-01-02T04:03:00+00:00
D1_1010,Request for software license renewal - Ref #110,"Hello Procurement, Our team requires 5 additional licenses for the IDE software. Please process this request at your earliest convenience. (Tracking code: TRK-210)",request,business_intent,TH_110,GRP_1,2026-01-02T07:10:00+00:00
D1_1011,Data export request for financial audit - Ref #111,"Hi Team, Can you please export the sales transaction records for the last fiscal year and send them over as a CSV file? Thank you. (Tracking code: TRK-211)",request,business_intent,TH_111,GRP_2,2026-01-02T10:17:00+00:00
D1_1012,Request for design assets for mobile app launch - Ref #112,"Dear Creative Team, We need the high-resolution logo files and icons for the upcoming mobile application release. Appreciate your help. (Tracking code: TRK-212)",request,business_intent,TH_112,GRP_3,2026-01-02T13:24:00+00:00
D1_1013,Equipment request: Dual monitor setup for new developer - Ref #113,"Hi Facilities, A new developer is joining our team next Monday. Could you please arrange a dual-monitor workstation setup at Desk 42? Thanks. (Tracking code: TRK-213)",request,business_intent,TH_113,GRP_4,2026-01-02T16:31:00+00:00
D1_1014,API documentation request for third-party integration - Ref #114,"Hello Engineering, Could you share the updated API specs and sample payloads for the payment gateway service? Best regards. (Tracking code: TRK-214)",request,business_intent,TH_114,GRP_5,2026-01-02T19:38:00+00:00
D1_1015,Leave request for upcoming conference - Ref #115,"Hi Lead, I would like to request leave from October 12 to October 15 to attend the annual AI developer conference. Please approve. Thanks! (Tracking code: TRK-215)",request,business_intent,TH_100,GRP_1,2026-01-02T22:45:00+00:00
D1_1016,Request for budget approval for Q3 marketing campaign - Ref #116,"Dear Manager, Please find attached the budget proposal for the Q3 campaign. Could you review and approve the requested funds by Friday? Best regards. (Tracking code: TRK-216)",request,business_intent,TH_101,GRP_2,2026-01-03T01:52:00+00:00
D1_1017,Access request to project analytics dashboard - Ref #117,"Hi IT Support, I need read-write access to the analytics dashboard for the new project. Please assign the appropriate permissions. Thanks! (Tracking code: TRK-217)",request,business_intent,TH_102,GRP_3,2026-01-03T04:59:00+00:00
D1_1018,Request for software license renewal - Ref #118,"Hello Procurement, Our team requires 5 additional licenses for the IDE software. Please process this request at your earliest convenience. (Tracking code: TRK-218)",request,business_intent,TH_103,GRP_4,2026-01-03T08:06:00+00:00
D1_1019,Data export request for financial audit - Ref #119,"Hi Team, Can you please export the sales transaction records for the last fiscal year and send them over as a CSV file? Thank you. (Tracking code: TRK-219)",request,business_intent,TH_104,GRP_5,2026-01-03T11:13:00+00:00
D1_1020,Request for design assets for mobile app launch - Ref #120,"Dear Creative Team, We need the high-resolution logo files and icons for the upcoming mobile application release. Appreciate your help. (Tracking code: TRK-220)",request,business_intent,TH_105,GRP_1,2026-01-03T14:20:00+00:00
D1_1021,Equipment request: Dual monitor setup for new developer - Ref #121,"Hi Facilities, A new developer is joining our team next Monday. Could you please arrange a dual-monitor workstation setup at Desk 42? Thanks. (Tracking code: TRK-221)",request,business_intent,TH_106,GRP_2,2026-01-03T17:27:00+00:00
D1_1022,API documentation request for third-party integration - Ref #122,"Hello Engineering, Could you share the updated API specs and sample payloads for the payment gateway service? Best regards. (Tracking code: TRK-222)",request,business_intent,TH_107,GRP_3,2026-01-03T20:34:00+00:00
D1_1023,Leave request for upcoming conference - Ref #123,"Hi Lead, I would like to request leave from October 12 to October 15 to attend the annual AI developer conference. Please approve. Thanks! (Tracking code: TRK-223)",request,business_intent,TH_108,GRP_4,2026-01-03T23:41:00+00:00
D1_1024,Request for budget approval for Q3 marketing campaign - Ref #124,"Dear Manager, Please find attached the budget proposal for the Q3 campaign. Could you review and approve the requested funds by Friday? Best regards. (Tracking code: TRK-224)",request,business_intent,TH_109,GRP_5,2026-01-04T02:48:00+00:00
D1_1025,Access request to project analytics dashboard - Ref #125,"Hi IT Support, I need read-write access to the analytics dashboard for the new project. Please assign the appropriate permissions. Thanks! (Tracking code: TRK-225)",request,business_intent,TH_110,GRP_1,2026-01-04T05:55:00+00:00
D1_1026,Request for software license renewal - Ref #126,"Hello Procurement, Our team requires 5 additional licenses for the IDE software. Please process this request at your earliest convenience. (Tracking code: TRK-226)",request,business_intent,TH_111,GRP_2,2026-01-04T09:02:00+00:00
D1_1027,Data export request for financial audit - Ref #127,"Hi Team, Can you please export the sales transaction records for the last fiscal year and send them over as a CSV file? Thank you. (Tracking code: TRK-227)",request,business_intent,TH_112,GRP_3,2026-01-04T12:09:00+00:00
D1_1028,Request for design assets for mobile app launch - Ref #128,"Dear Creative Team, We need the high-resolution logo files and icons for the upcoming mobile application release. Appreciate your help. (Tracking code: TRK-228)",request,business_intent,TH_113,GRP_4,2026-01-04T15:16:00+00:00
D1_1029,Equipment request: Dual monitor setup for new developer - Ref #129,"Hi Facilities, A new developer is joining our team next Monday. Could you please arrange a dual-monitor workstation setup at Desk 42? Thanks. (Tracking code: TRK-229)",request,business_intent,TH_114,GRP_5,2026-01-04T18:23:00+00:00
D1_1030,API documentation request for third-party integration - Ref #130,"Hello Engineering, Could you share the updated API specs and sample payloads for the payment gateway service? Best regards. (Tracking code: TRK-230)",request,business_intent,TH_100,GRP_1,2026-01-04T21:30:00+00:00
D1_1031,Leave request for upcoming conference - Ref #131,"Hi Lead, I would like to request leave from October 12 to October 15 to attend the annual AI developer conference. Please approve. Thanks! (Tracking code: TRK-231)",request,business_intent,TH_101,GRP_2,2026-01-05T00:37:00+00:00
D1_1032,Request for budget approval for Q3 marketing campaign - Ref #132,"Dear Manager, Please find attached the budget proposal for the Q3 campaign. Could you review and approve the requested funds by Friday? Best regards. (Tracking code: TRK-232)",request,business_intent,TH_102,GRP_3,2026-01-05T03:44:00+00:00
D1_1033,Access request to project analytics dashboard - Ref #133,"Hi IT Support, I need read-write access to the analytics dashboard for the new project. Please assign the appropriate permissions. Thanks! (Tracking code: TRK-233)",request,business_intent,TH_103,GRP_4,2026-01-05T06:51:00+00:00
D1_1034,Request for software license renewal - Ref #134,"Hello Procurement, Our team requires 5 additional licenses for the IDE software. Please process this request at your earliest convenience. (Tracking code: TRK-234)",request,business_intent,TH_104,GRP_5,2026-01-05T09:58:00+00:00
D1_1035,Data export request for financial audit - Ref #135,"Hi Team, Can you please export the sales transaction records for the last fiscal year and send them over as a CSV file? Thank you. (Tracking code: TRK-235)",request,business_intent,TH_105,GRP_1,2026-01-05T13:05:00+00:00
D1_1036,Request for design assets for mobile app launch - Ref #136,"Dear Creative Team, We need the high-resolution logo files and icons for the upcoming mobile application release. Appreciate your help. (Tracking code: TRK-236)",request,business_intent,TH_106,GRP_2,2026-01-05T16:12:00+00:00
D1_1037,Equipment request: Dual monitor setup for new developer - Ref #137,"Hi Facilities, A new developer is joining our team next Monday. Could you please arrange a dual-monitor workstation setup at Desk 42? Thanks. (Tracking code: TRK-237)",request,business_intent,TH_107,GRP_3,2026-01-05T19:19:00+00:00
D1_1038,API documentation request for third-party integration - Ref #138,"Hello Engineering, Could you share the updated API specs and sample payloads for the payment gateway service? Best regards. (Tracking code: TRK-238)",request,business_intent,TH_108,GRP_4,2026-01-05T22:26:00+00:00
D1_1039,Leave request for upcoming conference - Ref #139,"Hi Lead, I would like to request leave from October 12 to October 15 to attend the annual AI developer conference. Please approve. Thanks! (Tracking code: TRK-239)",request,business_intent,TH_109,GRP_5,2026-01-06T01:33:00+00:00
D1_1040,Request for budget approval for Q3 marketing campaign - Ref #140,"Dear Manager, Please find attached the budget proposal for the Q3 campaign. Could you review and approve the requested funds by Friday? Best regards. (Tracking code: TRK-240)",request,business_intent,TH_110,GRP_1,2026-01-06T04:40:00+00:00
D1_1041,Access request to project analytics dashboard - Ref #141,"Hi IT Support, I need read-write access to the analytics dashboard for the new project. Please assign the appropriate permissions. Thanks! (Tracking code: TRK-241)",request,business_intent,TH_111,GRP_2,2026-01-06T07:47:00+00:00
D1_1042,Request for software license renewal - Ref #142,"Hello Procurement, Our team requires 5 additional licenses for the IDE software. Please process this request at your earliest convenience. (Tracking code: TRK-242)",request,business_intent,TH_112,GRP_3,2026-01-06T10:54:00+00:00
D1_1043,Data export request for financial audit - Ref #143,"Hi Team, Can you please export the sales transaction records for the last fiscal year and send them over as a CSV file? Thank you. (Tracking code: TRK-243)",request,business_intent,TH_113,GRP_4,2026-01-06T14:01:00+00:00
D1_1044,Request for design assets for mobile app launch - Ref #144,"Dear Creative Team, We need the high-resolution logo files and icons for the upcoming mobile application release. Appreciate your help. (Tracking code: TRK-244)",request,business_intent,TH_114,GRP_5,2026-01-06T17:08:00+00:00
D1_1045,Equipment request: Dual monitor setup for new developer - Ref #145,"Hi Facilities, A new developer is joining our team next Monday. Could you please arrange a dual-monitor workstation setup at Desk 42? Thanks. (Tracking code: TRK-245)",request,business_intent,TH_100,GRP_1,2026-01-06T20:15:00+00:00
D1_1046,API documentation request for third-party integration - Ref #146,"Hello Engineering, Could you share the updated API specs and sample payloads for the payment gateway service? Best regards. (Tracking code: TRK-246)",request,business_intent,TH_101,GRP_2,2026-01-06T23:22:00+00:00
D1_1047,Leave request for upcoming conference - Ref #147,"Hi Lead, I would like to request leave from October 12 to October 15 to attend the annual AI developer conference. Please approve. Thanks! (Tracking code: TRK-247)",request,business_intent,TH_102,GRP_3,2026-01-07T02:29:00+00:00
D1_1048,Request for budget approval for Q3 marketing campaign - Ref #148,"Dear Manager, Please find attached the budget proposal for the Q3 campaign. Could you review and approve the requested funds by Friday? Best regards. (Tracking code: TRK-248)",request,business_intent,TH_103,GRP_4,2026-01-07T05:36:00+00:00
D1_1049,Access request to project analytics dashboard - Ref #149,"Hi IT Support, I need read-write access to the analytics dashboard for the new project. Please assign the appropriate permissions. Thanks! (Tracking code: TRK-249)",request,business_intent,TH_104,GRP_5,2026-01-07T08:43:00+00:00
D1_1050,Request for software license renewal - Ref #150,"Hello Procurement, Our team requires 5 additional licenses for the IDE software. Please process this request at your earliest convenience. (Tracking code: TRK-250)",request,business_intent,TH_105,GRP_1,2026-01-07T11:50:00+00:00
D1_1051,Data export request for financial audit - Ref #151,"Hi Team, Can you please export the sales transaction records for the last fiscal year and send them over as a CSV file? Thank you. (Tracking code: TRK-251)",request,business_intent,TH_106,GRP_2,2026-01-07T14:57:00+00:00
D1_1052,Request for design assets for mobile app launch - Ref #152,"Dear Creative Team, We need the high-resolution logo files and icons for the upcoming mobile application release. Appreciate your help. (Tracking code: TRK-252)",request,business_intent,TH_107,GRP_3,2026-01-07T18:04:00+00:00
D1_1053,Equipment request: Dual monitor setup for new developer - Ref #153,"Hi Facilities, A new developer is joining our team next Monday. Could you please arrange a dual-monitor workstation setup at Desk 42? Thanks. (Tracking code: TRK-253)",request,business_intent,TH_108,GRP_4,2026-01-07T21:11:00+00:00
D1_1054,API documentation request for third-party integration - Ref #154,"Hello Engineering, Could you share the updated API specs and sample payloads for the payment gateway service? Best regards. (Tracking code: TRK-254)",request,business_intent,TH_109,GRP_5,2026-01-08T00:18:00+00:00
D1_1055,Leave request for upcoming conference - Ref #155,"Hi Lead, I would like to request leave from October 12 to October 15 to attend the annual AI developer conference. Please approve. Thanks! (Tracking code: TRK-255)",request,business_intent,TH_110,GRP_1,2026-01-08T03:25:00+00:00
D1_1056,Request for budget approval for Q3 marketing campaign - Ref #156,"Dear Manager, Please find attached the budget proposal for the Q3 campaign. Could you review and approve the requested funds by Friday? Best regards. (Tracking code: TRK-256)",request,business_intent,TH_111,GRP_2,2026-01-08T06:32:00+00:00
D1_1057,Access request to project analytics dashboard - Ref #157,"Hi IT Support, I need read-write access to the analytics dashboard for the new project. Please assign the appropriate permissions. Thanks! (Tracking code: TRK-257)",request,business_intent,TH_112,GRP_3,2026-01-08T09:39:00+00:00
D1_1058,Request for software license renewal - Ref #158,"Hello Procurement, Our team requires 5 additional licenses for the IDE software. Please process this request at your earliest convenience. (Tracking code: TRK-258)",request,business_intent,TH_113,GRP_4,2026-01-08T12:46:00+00:00
D1_1059,Data export request for financial audit - Ref #159,"Hi Team, Can you please export the sales transaction records for the last fiscal year and send them over as a CSV file? Thank you. (Tracking code: TRK-259)",request,business_intent,TH_114,GRP_5,2026-01-08T15:53:00+00:00
D1_1060,Schedule weekly sprint sync meeting,"Hi Team, Let us schedule our weekly sprint sync meeting for Thursday at 10 AM PST. Please confirm your availability or propose a new time.",meeting,business_intent,TH_100,GRP_1,2026-01-01T00:00:00+00:00
D1_1061,Project kick-off meeting invitation,"Dear Colleagues, You are invited to the project kick-off call on Monday at 2 PM UTC. We will review project goals, deliverables, and timelines.",meeting,business_intent,TH_101,GRP_2,2026-01-01T03:07:00+00:00
D1_1062,Rescheduling architecture review session,"Hi All, Due to a scheduling conflict, we need to move the architecture review session to Wednesday at 4 PM. Hope this works for everyone.",meeting,business_intent,TH_102,GRP_3,2026-01-01T06:14:00+00:00
D1_1063,Follow-up meeting regarding client feedback,"Hello Team, Let us catch up tomorrow for 30 minutes to address the client feedback received yesterday. Calendar invite to follow.",meeting,business_intent,TH_103,GRP_4,2026-01-01T09:21:00+00:00
D1_1064,Quarterly performance review meeting confirmation,"Hi Manager, Confirming our quarterly review meeting scheduled for tomorrow at 11 AM in Conference Room B.",meeting,business_intent,TH_104,GRP_5,2026-01-01T12:28:00+00:00
D1_1065,Emergency sync on production deployment issue,"Team, Please join a quick 15-minute sync on Teams right now to discuss the production deployment failure.",meeting,business_intent,TH_105,GRP_1,2026-01-01T15:35:00+00:00
D1_1066,Vendor product demonstration call,"Dear Procurement, The vendor has confirmed the product demo call for Friday at 3 PM. Please join to evaluate their offering.",meeting,business_intent,TH_106,GRP_2,2026-01-01T18:42:00+00:00
D1_1067,One-on-one catchup meeting request,"Hi Alex, Do you have 20 minutes open this Thursday for a quick 1-on-1 catch-up regarding team allocation? Let me know!",meeting,business_intent,TH_107,GRP_3,2026-01-01T21:49:00+00:00
D1_1068,Schedule weekly sprint sync meeting - Ref #108,"Hi Team, Let us schedule our weekly sprint sync meeting for Thursday at 10 AM PST. Please confirm your availability or propose a new time. (Tracking code: TRK-208)",meeting,business_intent,TH_108,GRP_4,2026-01-02T00:56:00+00:00
D1_1069,Project kick-off meeting invitation - Ref #109,"Dear Colleagues, You are invited to the project kick-off call on Monday at 2 PM UTC. We will review project goals, deliverables, and timelines. (Tracking code: TRK-209)",meeting,business_intent,TH_109,GRP_5,2026-01-02T04:03:00+00:00
D1_1070,Rescheduling architecture review session - Ref #110,"Hi All, Due to a scheduling conflict, we need to move the architecture review session to Wednesday at 4 PM. Hope this works for everyone. (Tracking code: TRK-210)",meeting,business_intent,TH_110,GRP_1,2026-01-02T07:10:00+00:00
D1_1071,Follow-up meeting regarding client feedback - Ref #111,"Hello Team, Let us catch up tomorrow for 30 minutes to address the client feedback received yesterday. Calendar invite to follow. (Tracking code: TRK-211)",meeting,business_intent,TH_111,GRP_2,2026-01-02T10:17:00+00:00
D1_1072,Quarterly performance review meeting confirmation - Ref #112,"Hi Manager, Confirming our quarterly review meeting scheduled for tomorrow at 11 AM in Conference Room B. (Tracking code: TRK-212)",meeting,business_intent,TH_112,GRP_3,2026-01-02T13:24:00+00:00
D1_1073,Emergency sync on production deployment issue - Ref #113,"Team, Please join a quick 15-minute sync on Teams right now to discuss the production deployment failure. (Tracking code: TRK-213)",meeting,business_intent,TH_113,GRP_4,2026-01-02T16:31:00+00:00
D1_1074,Vendor product demonstration call - Ref #114,"Dear Procurement, The vendor has confirmed the product demo call for Friday at 3 PM. Please join to evaluate their offering. (Tracking code: TRK-214)",meeting,business_intent,TH_114,GRP_5,2026-01-02T19:38:00+00:00
D1_1075,One-on-one catchup meeting request - Ref #115,"Hi Alex, Do you have 20 minutes open this Thursday for a quick 1-on-1 catch-up regarding team allocation? Let me know! (Tracking code: TRK-215)",meeting,business_intent,TH_100,GRP_1,2026-01-02T22:45:00+00:00
D1_1076,Schedule weekly sprint sync meeting - Ref #116,"Hi Team, Let us schedule our weekly sprint sync meeting for Thursday at 10 AM PST. Please confirm your availability or propose a new time. (Tracking code: TRK-216)",meeting,business_intent,TH_101,GRP_2,2026-01-03T01:52:00+00:00
D1_1077,Project kick-off meeting invitation - Ref #117,"Dear Colleagues, You are invited to the project kick-off call on Monday at 2 PM UTC. We will review project goals, deliverables, and timelines. (Tracking code: TRK-217)",meeting,business_intent,TH_102,GRP_3,2026-01-03T04:59:00+00:00
D1_1078,Rescheduling architecture review session - Ref #118,"Hi All, Due to a scheduling conflict, we need to move the architecture review session to Wednesday at 4 PM. Hope this works for everyone. (Tracking code: TRK-218)",meeting,business_intent,TH_103,GRP_4,2026-01-03T08:06:00+00:00
D1_1079,Follow-up meeting regarding client feedback - Ref #119,"Hello Team, Let us catch up tomorrow for 30 minutes to address the client feedback received yesterday. Calendar invite to follow. (Tracking code: TRK-219)",meeting,business_intent,TH_104,GRP_5,2026-01-03T11:13:00+00:00
D1_1080,Quarterly performance review meeting confirmation - Ref #120,"Hi Manager, Confirming our quarterly review meeting scheduled for tomorrow at 11 AM in Conference Room B. (Tracking code: TRK-220)",meeting,business_intent,TH_105,GRP_1,2026-01-03T14:20:00+00:00
D1_1081,Emergency sync on production deployment issue - Ref #121,"Team, Please join a quick 15-minute sync on Teams right now to discuss the production deployment failure. (Tracking code: TRK-221)",meeting,business_intent,TH_106,GRP_2,2026-01-03T17:27:00+00:00
D1_1082,Vendor product demonstration call - Ref #122,"Dear Procurement, The vendor has confirmed the product demo call for Friday at 3 PM. Please join to evaluate their offering. (Tracking code: TRK-222)",meeting,business_intent,TH_107,GRP_3,2026-01-03T20:34:00+00:00
D1_1083,One-on-one catchup meeting request - Ref #123,"Hi Alex, Do you have 20 minutes open this Thursday for a quick 1-on-1 catch-up regarding team allocation? Let me know! (Tracking code: TRK-223)",meeting,business_intent,TH_108,GRP_4,2026-01-03T23:41:00+00:00
D1_1084,Schedule weekly sprint sync meeting - Ref #124,"Hi Team, Let us schedule our weekly sprint sync meeting for Thursday at 10 AM PST. Please confirm your availability or propose a new time. (Tracking code: TRK-224)",meeting,business_intent,TH_109,GRP_5,2026-01-04T02:48:00+00:00
D1_1085,Project kick-off meeting invitation - Ref #125,"Dear Colleagues, You are invited to the project kick-off call on Monday at 2 PM UTC. We will review project goals, deliverables, and timelines. (Tracking code: TRK-225)",meeting,business_intent,TH_110,GRP_1,2026-01-04T05:55:00+00:00
D1_1086,Rescheduling architecture review session - Ref #126,"Hi All, Due to a scheduling conflict, we need to move the architecture review session to Wednesday at 4 PM. Hope this works for everyone. (Tracking code: TRK-226)",meeting,business_intent,TH_111,GRP_2,2026-01-04T09:02:00+00:00
D1_1087,Follow-up meeting regarding client feedback - Ref #127,"Hello Team, Let us catch up tomorrow for 30 minutes to address the client feedback received yesterday. Calendar invite to follow. (Tracking code: TRK-227)",meeting,business_intent,TH_112,GRP_3,2026-01-04T12:09:00+00:00
D1_1088,Quarterly performance review meeting confirmation - Ref #128,"Hi Manager, Confirming our quarterly review meeting scheduled for tomorrow at 11 AM in Conference Room B. (Tracking code: TRK-228)",meeting,business_intent,TH_113,GRP_4,2026-01-04T15:16:00+00:00
D1_1089,Emergency sync on production deployment issue - Ref #129,"Team, Please join a quick 15-minute sync on Teams right now to discuss the production deployment failure. (Tracking code: TRK-229)",meeting,business_intent,TH_114,GRP_5,2026-01-04T18:23:00+00:00
D1_1090,Vendor product demonstration call - Ref #130,"Dear Procurement, The vendor has confirmed the product demo call for Friday at 3 PM. Please join to evaluate their offering. (Tracking code: TRK-230)",meeting,business_intent,TH_100,GRP_1,2026-01-04T21:30:00+00:00
D1_1091,One-on-one catchup meeting request - Ref #131,"Hi Alex, Do you have 20 minutes open this Thursday for a quick 1-on-1 catch-up regarding team allocation? Let me know! (Tracking code: TRK-231)",meeting,business_intent,TH_101,GRP_2,2026-01-05T00:37:00+00:00
D1_1092,Schedule weekly sprint sync meeting - Ref #132,"Hi Team, Let us schedule our weekly sprint sync meeting for Thursday at 10 AM PST. Please confirm your availability or propose a new time. (Tracking code: TRK-232)",meeting,business_intent,TH_102,GRP_3,2026-01-05T03:44:00+00:00
D1_1093,Project kick-off meeting invitation - Ref #133,"Dear Colleagues, You are invited to the project kick-off call on Monday at 2 PM UTC. We will review project goals, deliverables, and timelines. (Tracking code: TRK-233)",meeting,business_intent,TH_103,GRP_4,2026-01-05T06:51:00+00:00
D1_1094,Rescheduling architecture review session - Ref #134,"Hi All, Due to a scheduling conflict, we need to move the architecture review session to Wednesday at 4 PM. Hope this works for everyone. (Tracking code: TRK-234)",meeting,business_intent,TH_104,GRP_5,2026-01-05T09:58:00+00:00
D1_1095,Follow-up meeting regarding client feedback - Ref #135,"Hello Team, Let us catch up tomorrow for 30 minutes to address the client feedback received yesterday. Calendar invite to follow. (Tracking code: TRK-235)",meeting,business_intent,TH_105,GRP_1,2026-01-05T13:05:00+00:00
D1_1096,Quarterly performance review meeting confirmation - Ref #136,"Hi Manager, Confirming our quarterly review meeting scheduled for tomorrow at 11 AM in Conference Room B. (Tracking code: TRK-236)",meeting,business_intent,TH_106,GRP_2,2026-01-05T16:12:00+00:00
D1_1097,Emergency sync on production deployment issue - Ref #137,"Team, Please join a quick 15-minute sync on Teams right now to discuss the production deployment failure. (Tracking code: TRK-237)",meeting,business_intent,TH_107,GRP_3,2026-01-05T19:19:00+00:00
D1_1098,Vendor product demonstration call - Ref #138,"Dear Procurement, The vendor has confirmed the product demo call for Friday at 3 PM. Please join to evaluate their offering. (Tracking code: TRK-238)",meeting,business_intent,TH_108,GRP_4,2026-01-05T22:26:00+00:00
D1_1099,One-on-one catchup meeting request - Ref #139,"Hi Alex, Do you have 20 minutes open this Thursday for a quick 1-on-1 catch-up regarding team allocation? Let me know! (Tracking code: TRK-239)",meeting,business_intent,TH_109,GRP_5,2026-01-06T01:33:00+00:00
D1_1100,Schedule weekly sprint sync meeting - Ref #140,"Hi Team, Let us schedule our weekly sprint sync meeting for Thursday at 10 AM PST. Please confirm your availability or propose a new time. (Tracking code: TRK-240)",meeting,business_intent,TH_110,GRP_1,2026-01-06T04:40:00+00:00
D1_1101,Project kick-off meeting invitation - Ref #141,"Dear Colleagues, You are invited to the project kick-off call on Monday at 2 PM UTC. We will review project goals, deliverables, and timelines. (Tracking code: TRK-241)",meeting,business_intent,TH_111,GRP_2,2026-01-06T07:47:00+00:00
D1_1102,Rescheduling architecture review session - Ref #142,"Hi All, Due to a scheduling conflict, we need to move the architecture review session to Wednesday at 4 PM. Hope this works for everyone. (Tracking code: TRK-242)",meeting,business_intent,TH_112,GRP_3,2026-01-06T10:54:00+00:00
D1_1103,Follow-up meeting regarding client feedback - Ref #143,"Hello Team, Let us catch up tomorrow for 30 minutes to address the client feedback received yesterday. Calendar invite to follow. (Tracking code: TRK-243)",meeting,business_intent,TH_113,GRP_4,2026-01-06T14:01:00+00:00
D1_1104,Quarterly performance review meeting confirmation - Ref #144,"Hi Manager, Confirming our quarterly review meeting scheduled for tomorrow at 11 AM in Conference Room B. (Tracking code: TRK-244)",meeting,business_intent,TH_114,GRP_5,2026-01-06T17:08:00+00:00
D1_1105,Emergency sync on production deployment issue - Ref #145,"Team, Please join a quick 15-minute sync on Teams right now to discuss the production deployment failure. (Tracking code: TRK-245)",meeting,business_intent,TH_100,GRP_1,2026-01-06T20:15:00+00:00
D1_1106,Vendor product demonstration call - Ref #146,"Dear Procurement, The vendor has confirmed the product demo call for Friday at 3 PM. Please join to evaluate their offering. (Tracking code: TRK-246)",meeting,business_intent,TH_101,GRP_2,2026-01-06T23:22:00+00:00
D1_1107,One-on-one catchup meeting request - Ref #147,"Hi Alex, Do you have 20 minutes open this Thursday for a quick 1-on-1 catch-up regarding team allocation? Let me know! (Tracking code: TRK-247)",meeting,business_intent,TH_102,GRP_3,2026-01-07T02:29:00+00:00
D1_1108,Schedule weekly sprint sync meeting - Ref #148,"Hi Team, Let us schedule our weekly sprint sync meeting for Thursday at 10 AM PST. Please confirm your availability or propose a new time. (Tracking code: TRK-248)",meeting,business_intent,TH_103,GRP_4,2026-01-07T05:36:00+00:00
D1_1109,Project kick-off meeting invitation - Ref #149,"Dear Colleagues, You are invited to the project kick-off call on Monday at 2 PM UTC. We will review project goals, deliverables, and timelines. (Tracking code: TRK-249)",meeting,business_intent,TH_104,GRP_5,2026-01-07T08:43:00+00:00
D1_1110,Rescheduling architecture review session - Ref #150,"Hi All, Due to a scheduling conflict, we need to move the architecture review session to Wednesday at 4 PM. Hope this works for everyone. (Tracking code: TRK-250)",meeting,business_intent,TH_105,GRP_1,2026-01-07T11:50:00+00:00
D1_1111,Follow-up meeting regarding client feedback - Ref #151,"Hello Team, Let us catch up tomorrow for 30 minutes to address the client feedback received yesterday. Calendar invite to follow. (Tracking code: TRK-251)",meeting,business_intent,TH_106,GRP_2,2026-01-07T14:57:00+00:00
D1_1112,Quarterly performance review meeting confirmation - Ref #152,"Hi Manager, Confirming our quarterly review meeting scheduled for tomorrow at 11 AM in Conference Room B. (Tracking code: TRK-252)",meeting,business_intent,TH_107,GRP_3,2026-01-07T18:04:00+00:00
D1_1113,Emergency sync on production deployment issue - Ref #153,"Team, Please join a quick 15-minute sync on Teams right now to discuss the production deployment failure. (Tracking code: TRK-253)",meeting,business_intent,TH_108,GRP_4,2026-01-07T21:11:00+00:00
D1_1114,Vendor product demonstration call - Ref #154,"Dear Procurement, The vendor has confirmed the product demo call for Friday at 3 PM. Please join to evaluate their offering. (Tracking code: TRK-254)",meeting,business_intent,TH_109,GRP_5,2026-01-08T00:18:00+00:00
D1_1115,One-on-one catchup meeting request - Ref #155,"Hi Alex, Do you have 20 minutes open this Thursday for a quick 1-on-1 catch-up regarding team allocation? Let me know! (Tracking code: TRK-255)",meeting,business_intent,TH_110,GRP_1,2026-01-08T03:25:00+00:00
D1_1116,Schedule weekly sprint sync meeting - Ref #156,"Hi Team, Let us schedule our weekly sprint sync meeting for Thursday at 10 AM PST. Please confirm your availability or propose a new time. (Tracking code: TRK-256)",meeting,business_intent,TH_111,GRP_2,2026-01-08T06:32:00+00:00
D1_1117,Project kick-off meeting invitation - Ref #157,"Dear Colleagues, You are invited to the project kick-off call on Monday at 2 PM UTC. We will review project goals, deliverables, and timelines. (Tracking code: TRK-257)",meeting,business_intent,TH_112,GRP_3,2026-01-08T09:39:00+00:00
D1_1118,Rescheduling architecture review session - Ref #158,"Hi All, Due to a scheduling conflict, we need to move the architecture review session to Wednesday at 4 PM. Hope this works for everyone. (Tracking code: TRK-258)",meeting,business_intent,TH_113,GRP_4,2026-01-08T12:46:00+00:00
D1_1119,Follow-up meeting regarding client feedback - Ref #159,"Hello Team, Let us catch up tomorrow for 30 minutes to address the client feedback received yesterday. Calendar invite to follow. (Tracking code: TRK-259)",meeting,business_intent,TH_114,GRP_5,2026-01-08T15:53:00+00:00
D1_1120,System downtime and latency issue in production database,"To Support, Our team has been experiencing extreme latency and frequent timeout errors when querying the production database. This is severely disrupting operations.",complaint,business_intent,TH_100,GRP_1,2026-01-01T00:00:00+00:00
D1_1121,Unresolved ticket #4920: Login authentication failure,"Dear Helpdesk, I submitted ticket #4920 three days ago regarding login failures, but there has been zero response. This lack of communication is unacceptable.",complaint,business_intent,TH_101,GRP_2,2026-01-01T03:07:00+00:00
D1_1122,Incorrect billing charge on monthly subscription invoice,"To Billing Department, We noticed an unauthorized surcharge on our monthly invoice #INV-8821. Please rectify this error immediately and issue a revised invoice.",complaint,business_intent,TH_102,GRP_3,2026-01-01T06:14:00+00:00
D1_1123,Broken feature in latest software release v2.4,"Hi Product Team, The export feature completely crashes the application in v2.4. This broken update was released without adequate QA testing.",complaint,business_intent,TH_103,GRP_4,2026-01-01T09:21:00+00:00
D1_1124,Poor service quality and delayed delivery of reports,"Dear Account Manager, The weekly analytics reports have been consistently delivered late for the past three weeks. We expect better reliability.",complaint,business_intent,TH_104,GRP_5,2026-01-01T12:28:00+00:00
D1_1125,Mobile application crashing continuously on iOS 17,"To Support, Users are reporting that the app crashes immediately upon opening on iOS 17. Please prioritize fixing this bug.",complaint,business_intent,TH_105,GRP_1,2026-01-01T15:35:00+00:00
D1_1126,Missing documentation for REST API endpoints,"Dear DevRel Team, The public documentation is completely missing description for authentication headers. It took hours of trial and error to integrate.",complaint,business_intent,TH_106,GRP_2,2026-01-01T18:42:00+00:00
D1_1127,Network connectivity drops in North Wing office,"Hi IT Infra, The Wi-Fi connection in the North Wing keeps dropping every 10 minutes. Please investigate the access points.",complaint,business_intent,TH_107,GRP_3,2026-01-01T21:49:00+00:00
D1_1128,System downtime and latency issue in production database - Ref #108,"To Support, Our team has been experiencing extreme latency and frequent timeout errors when querying the production database. This is severely disrupting operations. (Tracking code: TRK-208)",complaint,business_intent,TH_108,GRP_4,2026-01-02T00:56:00+00:00
D1_1129,Unresolved ticket #4920: Login authentication failure - Ref #109,"Dear Helpdesk, I submitted ticket #4920 three days ago regarding login failures, but there has been zero response. This lack of communication is unacceptable. (Tracking code: TRK-209)",complaint,business_intent,TH_109,GRP_5,2026-01-02T04:03:00+00:00
D1_1130,Incorrect billing charge on monthly subscription invoice - Ref #110,"To Billing Department, We noticed an unauthorized surcharge on our monthly invoice #INV-8821. Please rectify this error immediately and issue a revised invoice. (Tracking code: TRK-210)",complaint,business_intent,TH_110,GRP_1,2026-01-02T07:10:00+00:00
D1_1131,Broken feature in latest software release v2.4 - Ref #111,"Hi Product Team, The export feature completely crashes the application in v2.4. This broken update was released without adequate QA testing. (Tracking code: TRK-211)",complaint,business_intent,TH_111,GRP_2,2026-01-02T10:17:00+00:00
D1_1132,Poor service quality and delayed delivery of reports - Ref #112,"Dear Account Manager, The weekly analytics reports have been consistently delivered late for the past three weeks. We expect better reliability. (Tracking code: TRK-212)",complaint,business_intent,TH_112,GRP_3,2026-01-02T13:24:00+00:00
D1_1133,Mobile application crashing continuously on iOS 17 - Ref #113,"To Support, Users are reporting that the app crashes immediately upon opening on iOS 17. Please prioritize fixing this bug. (Tracking code: TRK-213)",complaint,business_intent,TH_113,GRP_4,2026-01-02T16:31:00+00:00
D1_1134,Missing documentation for REST API endpoints - Ref #114,"Dear DevRel Team, The public documentation is completely missing description for authentication headers. It took hours of trial and error to integrate. (Tracking code: TRK-214)",complaint,business_intent,TH_114,GRP_5,2026-01-02T19:38:00+00:00
D1_1135,Network connectivity drops in North Wing office - Ref #115,"Hi IT Infra, The Wi-Fi connection in the North Wing keeps dropping every 10 minutes. Please investigate the access points. (Tracking code: TRK-215)",complaint,business_intent,TH_100,GRP_1,2026-01-02T22:45:00+00:00
D1_1136,System downtime and latency issue in production database - Ref #116,"To Support, Our team has been experiencing extreme latency and frequent timeout errors when querying the production database. This is severely disrupting operations. (Tracking code: TRK-216)",complaint,business_intent,TH_101,GRP_2,2026-01-03T01:52:00+00:00
D1_1137,Unresolved ticket #4920: Login authentication failure - Ref #117,"Dear Helpdesk, I submitted ticket #4920 three days ago regarding login failures, but there has been zero response. This lack of communication is unacceptable. (Tracking code: TRK-217)",complaint,business_intent,TH_102,GRP_3,2026-01-03T04:59:00+00:00
D1_1138,Incorrect billing charge on monthly subscription invoice - Ref #118,"To Billing Department, We noticed an unauthorized surcharge on our monthly invoice #INV-8821. Please rectify this error immediately and issue a revised invoice. (Tracking code: TRK-218)",complaint,business_intent,TH_103,GRP_4,2026-01-03T08:06:00+00:00
D1_1139,Broken feature in latest software release v2.4 - Ref #119,"Hi Product Team, The export feature completely crashes the application in v2.4. This broken update was released without adequate QA testing. (Tracking code: TRK-219)",complaint,business_intent,TH_104,GRP_5,2026-01-03T11:13:00+00:00
D1_1140,Poor service quality and delayed delivery of reports - Ref #120,"Dear Account Manager, The weekly analytics reports have been consistently delivered late for the past three weeks. We expect better reliability. (Tracking code: TRK-220)",complaint,business_intent,TH_105,GRP_1,2026-01-03T14:20:00+00:00
D1_1141,Mobile application crashing continuously on iOS 17 - Ref #121,"To Support, Users are reporting that the app crashes immediately upon opening on iOS 17. Please prioritize fixing this bug. (Tracking code: TRK-221)",complaint,business_intent,TH_106,GRP_2,2026-01-03T17:27:00+00:00
D1_1142,Missing documentation for REST API endpoints - Ref #122,"Dear DevRel Team, The public documentation is completely missing description for authentication headers. It took hours of trial and error to integrate. (Tracking code: TRK-222)",complaint,business_intent,TH_107,GRP_3,2026-01-03T20:34:00+00:00
D1_1143,Network connectivity drops in North Wing office - Ref #123,"Hi IT Infra, The Wi-Fi connection in the North Wing keeps dropping every 10 minutes. Please investigate the access points. (Tracking code: TRK-223)",complaint,business_intent,TH_108,GRP_4,2026-01-03T23:41:00+00:00
D1_1144,System downtime and latency issue in production database - Ref #124,"To Support, Our team has been experiencing extreme latency and frequent timeout errors when querying the production database. This is severely disrupting operations. (Tracking code: TRK-224)",complaint,business_intent,TH_109,GRP_5,2026-01-04T02:48:00+00:00
D1_1145,Unresolved ticket #4920: Login authentication failure - Ref #125,"Dear Helpdesk, I submitted ticket #4920 three days ago regarding login failures, but there has been zero response. This lack of communication is unacceptable. (Tracking code: TRK-225)",complaint,business_intent,TH_110,GRP_1,2026-01-04T05:55:00+00:00
D1_1146,Incorrect billing charge on monthly subscription invoice - Ref #126,"To Billing Department, We noticed an unauthorized surcharge on our monthly invoice #INV-8821. Please rectify this error immediately and issue a revised invoice. (Tracking code: TRK-226)",complaint,business_intent,TH_111,GRP_2,2026-01-04T09:02:00+00:00
D1_1147,Broken feature in latest software release v2.4 - Ref #127,"Hi Product Team, The export feature completely crashes the application in v2.4. This broken update was released without adequate QA testing. (Tracking code: TRK-227)",complaint,business_intent,TH_112,GRP_3,2026-01-04T12:09:00+00:00
D1_1148,Poor service quality and delayed delivery of reports - Ref #128,"Dear Account Manager, The weekly analytics reports have been consistently delivered late for the past three weeks. We expect better reliability. (Tracking code: TRK-228)",complaint,business_intent,TH_113,GRP_4,2026-01-04T15:16:00+00:00
D1_1149,Mobile application crashing continuously on iOS 17 - Ref #129,"To Support, Users are reporting that the app crashes immediately upon opening on iOS 17. Please prioritize fixing this bug. (Tracking code: TRK-229)",complaint,business_intent,TH_114,GRP_5,2026-01-04T18:23:00+00:00
D1_1150,Missing documentation for REST API endpoints - Ref #130,"Dear DevRel Team, The public documentation is completely missing description for authentication headers. It took hours of trial and error to integrate. (Tracking code: TRK-230)",complaint,business_intent,TH_100,GRP_1,2026-01-04T21:30:00+00:00
D1_1151,Network connectivity drops in North Wing office - Ref #131,"Hi IT Infra, The Wi-Fi connection in the North Wing keeps dropping every 10 minutes. Please investigate the access points. (Tracking code: TRK-231)",complaint,business_intent,TH_101,GRP_2,2026-01-05T00:37:00+00:00
D1_1152,System downtime and latency issue in production database - Ref #132,"To Support, Our team has been experiencing extreme latency and frequent timeout errors when querying the production database. This is severely disrupting operations. (Tracking code: TRK-232)",complaint,business_intent,TH_102,GRP_3,2026-01-05T03:44:00+00:00
D1_1153,Unresolved ticket #4920: Login authentication failure - Ref #133,"Dear Helpdesk, I submitted ticket #4920 three days ago regarding login failures, but there has been zero response. This lack of communication is unacceptable. (Tracking code: TRK-233)",complaint,business_intent,TH_103,GRP_4,2026-01-05T06:51:00+00:00
D1_1154,Incorrect billing charge on monthly subscription invoice - Ref #134,"To Billing Department, We noticed an unauthorized surcharge on our monthly invoice #INV-8821. Please rectify this error immediately and issue a revised invoice. (Tracking code: TRK-234)",complaint,business_intent,TH_104,GRP_5,2026-01-05T09:58:00+00:00
D1_1155,Broken feature in latest software release v2.4 - Ref #135,"Hi Product Team, The export feature completely crashes the application in v2.4. This broken update was released without adequate QA testing. (Tracking code: TRK-235)",complaint,business_intent,TH_105,GRP_1,2026-01-05T13:05:00+00:00
D1_1156,Poor service quality and delayed delivery of reports - Ref #136,"Dear Account Manager, The weekly analytics reports have been consistently delivered late for the past three weeks. We expect better reliability. (Tracking code: TRK-236)",complaint,business_intent,TH_106,GRP_2,2026-01-05T16:12:00+00:00
D1_1157,Mobile application crashing continuously on iOS 17 - Ref #137,"To Support, Users are reporting that the app crashes immediately upon opening on iOS 17. Please prioritize fixing this bug. (Tracking code: TRK-237)",complaint,business_intent,TH_107,GRP_3,2026-01-05T19:19:00+00:00
D1_1158,Missing documentation for REST API endpoints - Ref #138,"Dear DevRel Team, The public documentation is completely missing description for authentication headers. It took hours of trial and error to integrate. (Tracking code: TRK-238)",complaint,business_intent,TH_108,GRP_4,2026-01-05T22:26:00+00:00
D1_1159,Network connectivity drops in North Wing office - Ref #139,"Hi IT Infra, The Wi-Fi connection in the North Wing keeps dropping every 10 minutes. Please investigate the access points. (Tracking code: TRK-239)",complaint,business_intent,TH_109,GRP_5,2026-01-06T01:33:00+00:00
D1_1160,System downtime and latency issue in production database - Ref #140,"To Support, Our team has been experiencing extreme latency and frequent timeout errors when querying the production database. This is severely disrupting operations. (Tracking code: TRK-240)",complaint,business_intent,TH_110,GRP_1,2026-01-06T04:40:00+00:00
D1_1161,Unresolved ticket #4920: Login authentication failure - Ref #141,"Dear Helpdesk, I submitted ticket #4920 three days ago regarding login failures, but there has been zero response. This lack of communication is unacceptable. (Tracking code: TRK-241)",complaint,business_intent,TH_111,GRP_2,2026-01-06T07:47:00+00:00
D1_1162,Incorrect billing charge on monthly subscription invoice - Ref #142,"To Billing Department, We noticed an unauthorized surcharge on our monthly invoice #INV-8821. Please rectify this error immediately and issue a revised invoice. (Tracking code: TRK-242)",complaint,business_intent,TH_112,GRP_3,2026-01-06T10:54:00+00:00
D1_1163,Broken feature in latest software release v2.4 - Ref #143,"Hi Product Team, The export feature completely crashes the application in v2.4. This broken update was released without adequate QA testing. (Tracking code: TRK-243)",complaint,business_intent,TH_113,GRP_4,2026-01-06T14:01:00+00:00
D1_1164,Poor service quality and delayed delivery of reports - Ref #144,"Dear Account Manager, The weekly analytics reports have been consistently delivered late for the past three weeks. We expect better reliability. (Tracking code: TRK-244)",complaint,business_intent,TH_114,GRP_5,2026-01-06T17:08:00+00:00
D1_1165,Mobile application crashing continuously on iOS 17 - Ref #145,"To Support, Users are reporting that the app crashes immediately upon opening on iOS 17. Please prioritize fixing this bug. (Tracking code: TRK-245)",complaint,business_intent,TH_100,GRP_1,2026-01-06T20:15:00+00:00
D1_1166,Missing documentation for REST API endpoints - Ref #146,"Dear DevRel Team, The public documentation is completely missing description for authentication headers. It took hours of trial and error to integrate. (Tracking code: TRK-246)",complaint,business_intent,TH_101,GRP_2,2026-01-06T23:22:00+00:00
D1_1167,Network connectivity drops in North Wing office - Ref #147,"Hi IT Infra, The Wi-Fi connection in the North Wing keeps dropping every 10 minutes. Please investigate the access points. (Tracking code: TRK-247)",complaint,business_intent,TH_102,GRP_3,2026-01-07T02:29:00+00:00
D1_1168,System downtime and latency issue in production database - Ref #148,"To Support, Our team has been experiencing extreme latency and frequent timeout errors when querying the production database. This is severely disrupting operations. (Tracking code: TRK-248)",complaint,business_intent,TH_103,GRP_4,2026-01-07T05:36:00+00:00
D1_1169,Unresolved ticket #4920: Login authentication failure - Ref #149,"Dear Helpdesk, I submitted ticket #4920 three days ago regarding login failures, but there has been zero response. This lack of communication is unacceptable. (Tracking code: TRK-249)",complaint,business_intent,TH_104,GRP_5,2026-01-07T08:43:00+00:00
D1_1170,Incorrect billing charge on monthly subscription invoice - Ref #150,"To Billing Department, We noticed an unauthorized surcharge on our monthly invoice #INV-8821. Please rectify this error immediately and issue a revised invoice. (Tracking code: TRK-250)",complaint,business_intent,TH_105,GRP_1,2026-01-07T11:50:00+00:00
D1_1171,Broken feature in latest software release v2.4 - Ref #151,"Hi Product Team, The export feature completely crashes the application in v2.4. This broken update was released without adequate QA testing. (Tracking code: TRK-251)",complaint,business_intent,TH_106,GRP_2,2026-01-07T14:57:00+00:00
D1_1172,Poor service quality and delayed delivery of reports - Ref #152,"Dear Account Manager, The weekly analytics reports have been consistently delivered late for the past three weeks. We expect better reliability. (Tracking code: TRK-252)",complaint,business_intent,TH_107,GRP_3,2026-01-07T18:04:00+00:00
D1_1173,Mobile application crashing continuously on iOS 17 - Ref #153,"To Support, Users are reporting that the app crashes immediately upon opening on iOS 17. Please prioritize fixing this bug. (Tracking code: TRK-253)",complaint,business_intent,TH_108,GRP_4,2026-01-07T21:11:00+00:00
D1_1174,Missing documentation for REST API endpoints - Ref #154,"Dear DevRel Team, The public documentation is completely missing description for authentication headers. It took hours of trial and error to integrate. (Tracking code: TRK-254)",complaint,business_intent,TH_109,GRP_5,2026-01-08T00:18:00+00:00
D1_1175,Network connectivity drops in North Wing office - Ref #155,"Hi IT Infra, The Wi-Fi connection in the North Wing keeps dropping every 10 minutes. Please investigate the access points. (Tracking code: TRK-255)",complaint,business_intent,TH_110,GRP_1,2026-01-08T03:25:00+00:00
D1_1176,System downtime and latency issue in production database - Ref #156,"To Support, Our team has been experiencing extreme latency and frequent timeout errors when querying the production database. This is severely disrupting operations. (Tracking code: TRK-256)",complaint,business_intent,TH_111,GRP_2,2026-01-08T06:32:00+00:00
D1_1177,Unresolved ticket #4920: Login authentication failure - Ref #157,"Dear Helpdesk, I submitted ticket #4920 three days ago regarding login failures, but there has been zero response. This lack of communication is unacceptable. (Tracking code: TRK-257)",complaint,business_intent,TH_112,GRP_3,2026-01-08T09:39:00+00:00
D1_1178,Incorrect billing charge on monthly subscription invoice - Ref #158,"To Billing Department, We noticed an unauthorized surcharge on our monthly invoice #INV-8821. Please rectify this error immediately and issue a revised invoice. (Tracking code: TRK-258)",complaint,business_intent,TH_113,GRP_4,2026-01-08T12:46:00+00:00
D1_1179,Broken feature in latest software release v2.4 - Ref #159,"Hi Product Team, The export feature completely crashes the application in v2.4. This broken update was released without adequate QA testing. (Tracking code: TRK-259)",complaint,business_intent,TH_114,GRP_5,2026-01-08T15:53:00+00:00
D1_1180,FYI: Updated office security guidelines effective next month,"Dear All, Please note that updated office access procedures will take effect on the first of next month. Review the policy attached for details.",information,business_intent,TH_100,GRP_1,2026-01-01T00:00:00+00:00
D1_1181,Company-wide holiday schedule for 2026,"Hello Everyone, Attached is the official company holiday calendar for the calendar year 2026. Keep this for your reference.",information,business_intent,TH_101,GRP_2,2026-01-01T03:07:00+00:00
D1_1182,Release notes for platform update v3.1,"Team, Platform update v3.1 has been successfully deployed. Highlights include improved search indexing and security patches.",information,business_intent,TH_102,GRP_3,2026-01-01T06:14:00+00:00
D1_1183,Minutes of meeting: Product strategy session,"Hi All, Here are the minutes from yesterday's product strategy session. No action required; for your information only.",information,business_intent,TH_103,GRP_4,2026-01-01T09:21:00+00:00
D1_1184,New team member announcement: Welcome Sarah,"Dear Team, We are thrilled to welcome Sarah Jenkins as Senior Data Scientist. She brings 8 years of ML engineering experience.",information,business_intent,TH_104,GRP_5,2026-01-01T12:28:00+00:00
D1_1185,Internal newsletter: Monthly engineering digest,"Hello Engineers, Check out the latest edition of our internal tech digest featuring articles on microservices and vector databases.",information,business_intent,TH_105,GRP_1,2026-01-01T15:35:00+00:00
D1_1186,Notice of scheduled maintenance window this weekend,"All, Maintenance will be performed on the main server cluster this Saturday from 1 AM to 4 AM EST. Services may be intermittently unavailable.",information,business_intent,TH_106,GRP_2,2026-01-01T18:42:00+00:00
D1_1187,Policy update regarding remote work expense reimbursement,"Dear Employees, The expense reimbursement policy for remote work equipment has been updated. Please consult the intranet portal.",information,business_intent,TH_107,GRP_3,2026-01-01T21:49:00+00:00
D1_1188,FYI: Updated office security guidelines effective next month - Ref #108,"Dear All, Please note that updated office access procedures will take effect on the first of next month. Review the policy attached for details. (Tracking code: TRK-208)",information,business_intent,TH_108,GRP_4,2026-01-02T00:56:00+00:00
D1_1189,Company-wide holiday schedule for 2026 - Ref #109,"Hello Everyone, Attached is the official company holiday calendar for the calendar year 2026. Keep this for your reference. (Tracking code: TRK-209)",information,business_intent,TH_109,GRP_5,2026-01-02T04:03:00+00:00
D1_1190,Release notes for platform update v3.1 - Ref #110,"Team, Platform update v3.1 has been successfully deployed. Highlights include improved search indexing and security patches. (Tracking code: TRK-210)",information,business_intent,TH_110,GRP_1,2026-01-02T07:10:00+00:00
D1_1191,Minutes of meeting: Product strategy session - Ref #111,"Hi All, Here are the minutes from yesterday's product strategy session. No action required; for your information only. (Tracking code: TRK-211)",information,business_intent,TH_111,GRP_2,2026-01-02T10:17:00+00:00
D1_1192,New team member announcement: Welcome Sarah - Ref #112,"Dear Team, We are thrilled to welcome Sarah Jenkins as Senior Data Scientist. She brings 8 years of ML engineering experience. (Tracking code: TRK-212)",information,business_intent,TH_112,GRP_3,2026-01-02T13:24:00+00:00
D1_1193,Internal newsletter: Monthly engineering digest - Ref #113,"Hello Engineers, Check out the latest edition of our internal tech digest featuring articles on microservices and vector databases. (Tracking code: TRK-213)",information,business_intent,TH_113,GRP_4,2026-01-02T16:31:00+00:00
D1_1194,Notice of scheduled maintenance window this weekend - Ref #114,"All, Maintenance will be performed on the main server cluster this Saturday from 1 AM to 4 AM EST. Services may be intermittently unavailable. (Tracking code: TRK-214)",information,business_intent,TH_114,GRP_5,2026-01-02T19:38:00+00:00
D1_1195,Policy update regarding remote work expense reimbursement - Ref #115,"Dear Employees, The expense reimbursement policy for remote work equipment has been updated. Please consult the intranet portal. (Tracking code: TRK-215)",information,business_intent,TH_100,GRP_1,2026-01-02T22:45:00+00:00
D1_1196,FYI: Updated office security guidelines effective next month - Ref #116,"Dear All, Please note that updated office access procedures will take effect on the first of next month. Review the policy attached for details. (Tracking code: TRK-216)",information,business_intent,TH_101,GRP_2,2026-01-03T01:52:00+00:00
D1_1197,Company-wide holiday schedule for 2026 - Ref #117,"Hello Everyone, Attached is the official company holiday calendar for the calendar year 2026. Keep this for your reference. (Tracking code: TRK-217)",information,business_intent,TH_102,GRP_3,2026-01-03T04:59:00+00:00
D1_1198,Release notes for platform update v3.1 - Ref #118,"Team, Platform update v3.1 has been successfully deployed. Highlights include improved search indexing and security patches. (Tracking code: TRK-218)",information,business_intent,TH_103,GRP_4,2026-01-03T08:06:00+00:00
D1_1199,Minutes of meeting: Product strategy session - Ref #119,"Hi All, Here are the minutes from yesterday's product strategy session. No action required; for your information only. (Tracking code: TRK-219)",information,business_intent,TH_104,GRP_5,2026-01-03T11:13:00+00:00
D1_1200,New team member announcement: Welcome Sarah - Ref #120,"Dear Team, We are thrilled to welcome Sarah Jenkins as Senior Data Scientist. She brings 8 years of ML engineering experience. (Tracking code: TRK-220)",information,business_intent,TH_105,GRP_1,2026-01-03T14:20:00+00:00
D1_1201,Internal newsletter: Monthly engineering digest - Ref #121,"Hello Engineers, Check out the latest edition of our internal tech digest featuring articles on microservices and vector databases. (Tracking code: TRK-221)",information,business_intent,TH_106,GRP_2,2026-01-03T17:27:00+00:00
D1_1202,Notice of scheduled maintenance window this weekend - Ref #122,"All, Maintenance will be performed on the main server cluster this Saturday from 1 AM to 4 AM EST. Services may be intermittently unavailable. (Tracking code: TRK-222)",information,business_intent,TH_107,GRP_3,2026-01-03T20:34:00+00:00
D1_1203,Policy update regarding remote work expense reimbursement - Ref #123,"Dear Employees, The expense reimbursement policy for remote work equipment has been updated. Please consult the intranet portal. (Tracking code: TRK-223)",information,business_intent,TH_108,GRP_4,2026-01-03T23:41:00+00:00
D1_1204,FYI: Updated office security guidelines effective next month - Ref #124,"Dear All, Please note that updated office access procedures will take effect on the first of next month. Review the policy attached for details. (Tracking code: TRK-224)",information,business_intent,TH_109,GRP_5,2026-01-04T02:48:00+00:00
D1_1205,Company-wide holiday schedule for 2026 - Ref #125,"Hello Everyone, Attached is the official company holiday calendar for the calendar year 2026. Keep this for your reference. (Tracking code: TRK-225)",information,business_intent,TH_110,GRP_1,2026-01-04T05:55:00+00:00
D1_1206,Release notes for platform update v3.1 - Ref #126,"Team, Platform update v3.1 has been successfully deployed. Highlights include improved search indexing and security patches. (Tracking code: TRK-226)",information,business_intent,TH_111,GRP_2,2026-01-04T09:02:00+00:00
D1_1207,Minutes of meeting: Product strategy session - Ref #127,"Hi All, Here are the minutes from yesterday's product strategy session. No action required; for your information only. (Tracking code: TRK-227)",information,business_intent,TH_112,GRP_3,2026-01-04T12:09:00+00:00
D1_1208,New team member announcement: Welcome Sarah - Ref #128,"Dear Team, We are thrilled to welcome Sarah Jenkins as Senior Data Scientist. She brings 8 years of ML engineering experience. (Tracking code: TRK-228)",information,business_intent,TH_113,GRP_4,2026-01-04T15:16:00+00:00
D1_1209,Internal newsletter: Monthly engineering digest - Ref #129,"Hello Engineers, Check out the latest edition of our internal tech digest featuring articles on microservices and vector databases. (Tracking code: TRK-229)",information,business_intent,TH_114,GRP_5,2026-01-04T18:23:00+00:00
D1_1210,Notice of scheduled maintenance window this weekend - Ref #130,"All, Maintenance will be performed on the main server cluster this Saturday from 1 AM to 4 AM EST. Services may be intermittently unavailable. (Tracking code: TRK-230)",information,business_intent,TH_100,GRP_1,2026-01-04T21:30:00+00:00
D1_1211,Policy update regarding remote work expense reimbursement - Ref #131,"Dear Employees, The expense reimbursement policy for remote work equipment has been updated. Please consult the intranet portal. (Tracking code: TRK-231)",information,business_intent,TH_101,GRP_2,2026-01-05T00:37:00+00:00
D1_1212,FYI: Updated office security guidelines effective next month - Ref #132,"Dear All, Please note that updated office access procedures will take effect on the first of next month. Review the policy attached for details. (Tracking code: TRK-232)",information,business_intent,TH_102,GRP_3,2026-01-05T03:44:00+00:00
D1_1213,Company-wide holiday schedule for 2026 - Ref #133,"Hello Everyone, Attached is the official company holiday calendar for the calendar year 2026. Keep this for your reference. (Tracking code: TRK-233)",information,business_intent,TH_103,GRP_4,2026-01-05T06:51:00+00:00
D1_1214,Release notes for platform update v3.1 - Ref #134,"Team, Platform update v3.1 has been successfully deployed. Highlights include improved search indexing and security patches. (Tracking code: TRK-234)",information,business_intent,TH_104,GRP_5,2026-01-05T09:58:00+00:00
D1_1215,Minutes of meeting: Product strategy session - Ref #135,"Hi All, Here are the minutes from yesterday's product strategy session. No action required; for your information only. (Tracking code: TRK-235)",information,business_intent,TH_105,GRP_1,2026-01-05T13:05:00+00:00
D1_1216,New team member announcement: Welcome Sarah - Ref #136,"Dear Team, We are thrilled to welcome Sarah Jenkins as Senior Data Scientist. She brings 8 years of ML engineering experience. (Tracking code: TRK-236)",information,business_intent,TH_106,GRP_2,2026-01-05T16:12:00+00:00
D1_1217,Internal newsletter: Monthly engineering digest - Ref #137,"Hello Engineers, Check out the latest edition of our internal tech digest featuring articles on microservices and vector databases. (Tracking code: TRK-237)",information,business_intent,TH_107,GRP_3,2026-01-05T19:19:00+00:00
D1_1218,Notice of scheduled maintenance window this weekend - Ref #138,"All, Maintenance will be performed on the main server cluster this Saturday from 1 AM to 4 AM EST. Services may be intermittently unavailable. (Tracking code: TRK-238)",information,business_intent,TH_108,GRP_4,2026-01-05T22:26:00+00:00
D1_1219,Policy update regarding remote work expense reimbursement - Ref #139,"Dear Employees, The expense reimbursement policy for remote work equipment has been updated. Please consult the intranet portal. (Tracking code: TRK-239)",information,business_intent,TH_109,GRP_5,2026-01-06T01:33:00+00:00
D1_1220,FYI: Updated office security guidelines effective next month - Ref #140,"Dear All, Please note that updated office access procedures will take effect on the first of next month. Review the policy attached for details. (Tracking code: TRK-240)",information,business_intent,TH_110,GRP_1,2026-01-06T04:40:00+00:00
D1_1221,Company-wide holiday schedule for 2026 - Ref #141,"Hello Everyone, Attached is the official company holiday calendar for the calendar year 2026. Keep this for your reference. (Tracking code: TRK-241)",information,business_intent,TH_111,GRP_2,2026-01-06T07:47:00+00:00
D1_1222,Release notes for platform update v3.1 - Ref #142,"Team, Platform update v3.1 has been successfully deployed. Highlights include improved search indexing and security patches. (Tracking code: TRK-242)",information,business_intent,TH_112,GRP_3,2026-01-06T10:54:00+00:00
D1_1223,Minutes of meeting: Product strategy session - Ref #143,"Hi All, Here are the minutes from yesterday's product strategy session. No action required; for your information only. (Tracking code: TRK-243)",information,business_intent,TH_113,GRP_4,2026-01-06T14:01:00+00:00
D1_1224,New team member announcement: Welcome Sarah - Ref #144,"Dear Team, We are thrilled to welcome Sarah Jenkins as Senior Data Scientist. She brings 8 years of ML engineering experience. (Tracking code: TRK-244)",information,business_intent,TH_114,GRP_5,2026-01-06T17:08:00+00:00
D1_1225,Internal newsletter: Monthly engineering digest - Ref #145,"Hello Engineers, Check out the latest edition of our internal tech digest featuring articles on microservices and vector databases. (Tracking code: TRK-245)",information,business_intent,TH_100,GRP_1,2026-01-06T20:15:00+00:00
D1_1226,Notice of scheduled maintenance window this weekend - Ref #146,"All, Maintenance will be performed on the main server cluster this Saturday from 1 AM to 4 AM EST. Services may be intermittently unavailable. (Tracking code: TRK-246)",information,business_intent,TH_101,GRP_2,2026-01-06T23:22:00+00:00
D1_1227,Policy update regarding remote work expense reimbursement - Ref #147,"Dear Employees, The expense reimbursement policy for remote work equipment has been updated. Please consult the intranet portal. (Tracking code: TRK-247)",information,business_intent,TH_102,GRP_3,2026-01-07T02:29:00+00:00
D1_1228,FYI: Updated office security guidelines effective next month - Ref #148,"Dear All, Please note that updated office access procedures will take effect on the first of next month. Review the policy attached for details. (Tracking code: TRK-248)",information,business_intent,TH_103,GRP_4,2026-01-07T05:36:00+00:00
D1_1229,Company-wide holiday schedule for 2026 - Ref #149,"Hello Everyone, Attached is the official company holiday calendar for the calendar year 2026. Keep this for your reference. (Tracking code: TRK-249)",information,business_intent,TH_104,GRP_5,2026-01-07T08:43:00+00:00
D1_1230,Release notes for platform update v3.1 - Ref #150,"Team, Platform update v3.1 has been successfully deployed. Highlights include improved search indexing and security patches. (Tracking code: TRK-250)",information,business_intent,TH_105,GRP_1,2026-01-07T11:50:00+00:00
D1_1231,Minutes of meeting: Product strategy session - Ref #151,"Hi All, Here are the minutes from yesterday's product strategy session. No action required; for your information only. (Tracking code: TRK-251)",information,business_intent,TH_106,GRP_2,2026-01-07T14:57:00+00:00
D1_1232,New team member announcement: Welcome Sarah - Ref #152,"Dear Team, We are thrilled to welcome Sarah Jenkins as Senior Data Scientist. She brings 8 years of ML engineering experience. (Tracking code: TRK-252)",information,business_intent,TH_107,GRP_3,2026-01-07T18:04:00+00:00
D1_1233,Internal newsletter: Monthly engineering digest - Ref #153,"Hello Engineers, Check out the latest edition of our internal tech digest featuring articles on microservices and vector databases. (Tracking code: TRK-253)",information,business_intent,TH_108,GRP_4,2026-01-07T21:11:00+00:00
D1_1234,Notice of scheduled maintenance window this weekend - Ref #154,"All, Maintenance will be performed on the main server cluster this Saturday from 1 AM to 4 AM EST. Services may be intermittently unavailable. (Tracking code: TRK-254)",information,business_intent,TH_109,GRP_5,2026-01-08T00:18:00+00:00
D1_1235,Policy update regarding remote work expense reimbursement - Ref #155,"Dear Employees, The expense reimbursement policy for remote work equipment has been updated. Please consult the intranet portal. (Tracking code: TRK-255)",information,business_intent,TH_110,GRP_1,2026-01-08T03:25:00+00:00
D1_1236,FYI: Updated office security guidelines effective next month - Ref #156,"Dear All, Please note that updated office access procedures will take effect on the first of next month. Review the policy attached for details. (Tracking code: TRK-256)",information,business_intent,TH_111,GRP_2,2026-01-08T06:32:00+00:00
D1_1237,Company-wide holiday schedule for 2026 - Ref #157,"Hello Everyone, Attached is the official company holiday calendar for the calendar year 2026. Keep this for your reference. (Tracking code: TRK-257)",information,business_intent,TH_112,GRP_3,2026-01-08T09:39:00+00:00
D1_1238,Release notes for platform update v3.1 - Ref #158,"Team, Platform update v3.1 has been successfully deployed. Highlights include improved search indexing and security patches. (Tracking code: TRK-258)",information,business_intent,TH_113,GRP_4,2026-01-08T12:46:00+00:00
D1_1239,Minutes of meeting: Product strategy session - Ref #159,"Hi All, Here are the minutes from yesterday's product strategy session. No action required; for your information only. (Tracking code: TRK-259)",information,business_intent,TH_114,GRP_5,2026-01-08T15:53:00+00:00
D1_1240,CRITICAL: Production server down - Immediate action required,URGENT: Main web application server is completely unresponsive. DevOps team must initiate disaster recovery protocols immediately!,urgent_action,business_intent,TH_100,GRP_1,2026-01-01T00:00:00+00:00
D1_1241,ALERT: Potential security breach detected on admin portal,SECURITY ALERT: Multiple unauthorized root login attempts detected from unrecognized IP address. Lock down admin accounts immediately!,urgent_action,business_intent,TH_101,GRP_2,2026-01-01T03:07:00+00:00
D1_1242,ACTION REQUIRED: Contract renewal deadline expires today,URGENT: The primary cloud vendor contract expires at midnight. Legal and procurement must sign and submit the renewal document before 5 PM!,urgent_action,business_intent,TH_102,GRP_3,2026-01-01T06:14:00+00:00
D1_1243,URGENT: Customer payment processing pipeline failing,CRITICAL ERROR: Payment gateway integration is throwing 500 server errors for all checkout transactions. Immediate fix required!,urgent_action,business_intent,TH_103,GRP_4,2026-01-01T09:21:00+00:00
D1_1244,HIGH PRIORITY: Data compliance audit submission due in 2 hours,URGENT: The regulatory compliance team requires signed data audit forms before 4 PM today. Please complete immediately.,urgent_action,business_intent,TH_104,GRP_5,2026-01-01T12:28:00+00:00
D1_1245,CRITICAL API OUTAGE: Customer authentication service offline,URGENT: OAuth service is failing globally. All customer logins are currently blocked. Escalating to P0 incident.,urgent_action,business_intent,TH_105,GRP_1,2026-01-01T15:35:00+00:00
D1_1246,ACTION REQUIRED: Password reset forced due to credential compromise,URGENT: All engineering staff must reset their corporate VPN credentials immediately following a credential leak alert.,urgent_action,business_intent,TH_106,GRP_2,2026-01-01T18:42:00+00:00
D1_1247,CRITICAL BUG: Data loss issue identified in database migration script,URGENT: Stop all database migration jobs immediately! A critical flaw in script v1.8 is dropping user transaction tables.,urgent_action,business_intent,TH_107,GRP_3,2026-01-01T21:49:00+00:00
D1_1248,CRITICAL: Production server down - Immediate action required - Ref #108,URGENT: Main web application server is completely unresponsive. DevOps team must initiate disaster recovery protocols immediately! (Tracking code: TRK-208),urgent_action,business_intent,TH_108,GRP_4,2026-01-02T00:56:00+00:00
D1_1249,ALERT: Potential security breach detected on admin portal - Ref #109,SECURITY ALERT: Multiple unauthorized root login attempts detected from unrecognized IP address. Lock down admin accounts immediately! (Tracking code: TRK-209),urgent_action,business_intent,TH_109,GRP_5,2026-01-02T04:03:00+00:00
D1_1250,ACTION REQUIRED: Contract renewal deadline expires today - Ref #110,URGENT: The primary cloud vendor contract expires at midnight. Legal and procurement must sign and submit the renewal document before 5 PM! (Tracking code: TRK-210),urgent_action,business_intent,TH_110,GRP_1,2026-01-02T07:10:00+00:00
D1_1251,URGENT: Customer payment processing pipeline failing - Ref #111,CRITICAL ERROR: Payment gateway integration is throwing 500 server errors for all checkout transactions. Immediate fix required! (Tracking code: TRK-211),urgent_action,business_intent,TH_111,GRP_2,2026-01-02T10:17:00+00:00
D1_1252,HIGH PRIORITY: Data compliance audit submission due in 2 hours - Ref #112,URGENT: The regulatory compliance team requires signed data audit forms before 4 PM today. Please complete immediately. (Tracking code: TRK-212),urgent_action,business_intent,TH_112,GRP_3,2026-01-02T13:24:00+00:00
D1_1253,CRITICAL API OUTAGE: Customer authentication service offline - Ref #113,URGENT: OAuth service is failing globally. All customer logins are currently blocked. Escalating to P0 incident. (Tracking code: TRK-213),urgent_action,business_intent,TH_113,GRP_4,2026-01-02T16:31:00+00:00
D1_1254,ACTION REQUIRED: Password reset forced due to credential compromise - Ref #114,URGENT: All engineering staff must reset their corporate VPN credentials immediately following a credential leak alert. (Tracking code: TRK-214),urgent_action,business_intent,TH_114,GRP_5,2026-01-02T19:38:00+00:00
D1_1255,CRITICAL BUG: Data loss issue identified in database migration script - Ref #115,URGENT: Stop all database migration jobs immediately! A critical flaw in script v1.8 is dropping user transaction tables. (Tracking code: TRK-215),urgent_action,business_intent,TH_100,GRP_1,2026-01-02T22:45:00+00:00
D1_1256,CRITICAL: Production server down - Immediate action required - Ref #116,URGENT: Main web application server is completely unresponsive. DevOps team must initiate disaster recovery protocols immediately! (Tracking code: TRK-216),urgent_action,business_intent,TH_101,GRP_2,2026-01-03T01:52:00+00:00
D1_1257,ALERT: Potential security breach detected on admin portal - Ref #117,SECURITY ALERT: Multiple unauthorized root login attempts detected from unrecognized IP address. Lock down admin accounts immediately! (Tracking code: TRK-217),urgent_action,business_intent,TH_102,GRP_3,2026-01-03T04:59:00+00:00
D1_1258,ACTION REQUIRED: Contract renewal deadline expires today - Ref #118,URGENT: The primary cloud vendor contract expires at midnight. Legal and procurement must sign and submit the renewal document before 5 PM! (Tracking code: TRK-218),urgent_action,business_intent,TH_103,GRP_4,2026-01-03T08:06:00+00:00
D1_1259,URGENT: Customer payment processing pipeline failing - Ref #119,CRITICAL ERROR: Payment gateway integration is throwing 500 server errors for all checkout transactions. Immediate fix required! (Tracking code: TRK-219),urgent_action,business_intent,TH_104,GRP_5,2026-01-03T11:13:00+00:00
D1_1260,HIGH PRIORITY: Data compliance audit submission due in 2 hours - Ref #120,URGENT: The regulatory compliance team requires signed data audit forms before 4 PM today. Please complete immediately. (Tracking code: TRK-220),urgent_action,business_intent,TH_105,GRP_1,2026-01-03T14:20:00+00:00
D1_1261,CRITICAL API OUTAGE: Customer authentication service offline - Ref #121,URGENT: OAuth service is failing globally. All customer logins are currently blocked. Escalating to P0 incident. (Tracking code: TRK-221),urgent_action,business_intent,TH_106,GRP_2,2026-01-03T17:27:00+00:00
D1_1262,ACTION REQUIRED: Password reset forced due to credential compromise - Ref #122,URGENT: All engineering staff must reset their corporate VPN credentials immediately following a credential leak alert. (Tracking code: TRK-222),urgent_action,business_intent,TH_107,GRP_3,2026-01-03T20:34:00+00:00
D1_1263,CRITICAL BUG: Data loss issue identified in database migration script - Ref #123,URGENT: Stop all database migration jobs immediately! A critical flaw in script v1.8 is dropping user transaction tables. (Tracking code: TRK-223),urgent_action,business_intent,TH_108,GRP_4,2026-01-03T23:41:00+00:00
D1_1264,CRITICAL: Production server down - Immediate action required - Ref #124,URGENT: Main web application server is completely unresponsive. DevOps team must initiate disaster recovery protocols immediately! (Tracking code: TRK-224),urgent_action,business_intent,TH_109,GRP_5,2026-01-04T02:48:00+00:00
D1_1265,ALERT: Potential security breach detected on admin portal - Ref #125,SECURITY ALERT: Multiple unauthorized root login attempts detected from unrecognized IP address. Lock down admin accounts immediately! (Tracking code: TRK-225),urgent_action,business_intent,TH_110,GRP_1,2026-01-04T05:55:00+00:00
D1_1266,ACTION REQUIRED: Contract renewal deadline expires today - Ref #126,URGENT: The primary cloud vendor contract expires at midnight. Legal and procurement must sign and submit the renewal document before 5 PM! (Tracking code: TRK-226),urgent_action,business_intent,TH_111,GRP_2,2026-01-04T09:02:00+00:00
D1_1267,URGENT: Customer payment processing pipeline failing - Ref #127,CRITICAL ERROR: Payment gateway integration is throwing 500 server errors for all checkout transactions. Immediate fix required! (Tracking code: TRK-227),urgent_action,business_intent,TH_112,GRP_3,2026-01-04T12:09:00+00:00
D1_1268,HIGH PRIORITY: Data compliance audit submission due in 2 hours - Ref #128,URGENT: The regulatory compliance team requires signed data audit forms before 4 PM today. Please complete immediately. (Tracking code: TRK-228),urgent_action,business_intent,TH_113,GRP_4,2026-01-04T15:16:00+00:00
D1_1269,CRITICAL API OUTAGE: Customer authentication service offline - Ref #129,URGENT: OAuth service is failing globally. All customer logins are currently blocked. Escalating to P0 incident. (Tracking code: TRK-229),urgent_action,business_intent,TH_114,GRP_5,2026-01-04T18:23:00+00:00
D1_1270,ACTION REQUIRED: Password reset forced due to credential compromise - Ref #130,URGENT: All engineering staff must reset their corporate VPN credentials immediately following a credential leak alert. (Tracking code: TRK-230),urgent_action,business_intent,TH_100,GRP_1,2026-01-04T21:30:00+00:00
D1_1271,CRITICAL BUG: Data loss issue identified in database migration script - Ref #131,URGENT: Stop all database migration jobs immediately! A critical flaw in script v1.8 is dropping user transaction tables. (Tracking code: TRK-231),urgent_action,business_intent,TH_101,GRP_2,2026-01-05T00:37:00+00:00
D1_1272,CRITICAL: Production server down - Immediate action required - Ref #132,URGENT: Main web application server is completely unresponsive. DevOps team must initiate disaster recovery protocols immediately! (Tracking code: TRK-232),urgent_action,business_intent,TH_102,GRP_3,2026-01-05T03:44:00+00:00
D1_1273,ALERT: Potential security breach detected on admin portal - Ref #133,SECURITY ALERT: Multiple unauthorized root login attempts detected from unrecognized IP address. Lock down admin accounts immediately! (Tracking code: TRK-233),urgent_action,business_intent,TH_103,GRP_4,2026-01-05T06:51:00+00:00
D1_1274,ACTION REQUIRED: Contract renewal deadline expires today - Ref #134,URGENT: The primary cloud vendor contract expires at midnight. Legal and procurement must sign and submit the renewal document before 5 PM! (Tracking code: TRK-234),urgent_action,business_intent,TH_104,GRP_5,2026-01-05T09:58:00+00:00
D1_1275,URGENT: Customer payment processing pipeline failing - Ref #135,CRITICAL ERROR: Payment gateway integration is throwing 500 server errors for all checkout transactions. Immediate fix required! (Tracking code: TRK-235),urgent_action,business_intent,TH_105,GRP_1,2026-01-05T13:05:00+00:00
D1_1276,HIGH PRIORITY: Data compliance audit submission due in 2 hours - Ref #136,URGENT: The regulatory compliance team requires signed data audit forms before 4 PM today. Please complete immediately. (Tracking code: TRK-236),urgent_action,business_intent,TH_106,GRP_2,2026-01-05T16:12:00+00:00
D1_1277,CRITICAL API OUTAGE: Customer authentication service offline - Ref #137,URGENT: OAuth service is failing globally. All customer logins are currently blocked. Escalating to P0 incident. (Tracking code: TRK-237),urgent_action,business_intent,TH_107,GRP_3,2026-01-05T19:19:00+00:00
D1_1278,ACTION REQUIRED: Password reset forced due to credential compromise - Ref #138,URGENT: All engineering staff must reset their corporate VPN credentials immediately following a credential leak alert. (Tracking code: TRK-238),urgent_action,business_intent,TH_108,GRP_4,2026-01-05T22:26:00+00:00
D1_1279,CRITICAL BUG: Data loss issue identified in database migration script - Ref #139,URGENT: Stop all database migration jobs immediately! A critical flaw in script v1.8 is dropping user transaction tables. (Tracking code: TRK-239),urgent_action,business_intent,TH_109,GRP_5,2026-01-06T01:33:00+00:00
D1_1280,CRITICAL: Production server down - Immediate action required - Ref #140,URGENT: Main web application server is completely unresponsive. DevOps team must initiate disaster recovery protocols immediately! (Tracking code: TRK-240),urgent_action,business_intent,TH_110,GRP_1,2026-01-06T04:40:00+00:00
D1_1281,ALERT: Potential security breach detected on admin portal - Ref #141,SECURITY ALERT: Multiple unauthorized root login attempts detected from unrecognized IP address. Lock down admin accounts immediately! (Tracking code: TRK-241),urgent_action,business_intent,TH_111,GRP_2,2026-01-06T07:47:00+00:00
D1_1282,ACTION REQUIRED: Contract renewal deadline expires today - Ref #142,URGENT: The primary cloud vendor contract expires at midnight. Legal and procurement must sign and submit the renewal document before 5 PM! (Tracking code: TRK-242),urgent_action,business_intent,TH_112,GRP_3,2026-01-06T10:54:00+00:00
D1_1283,URGENT: Customer payment processing pipeline failing - Ref #143,CRITICAL ERROR: Payment gateway integration is throwing 500 server errors for all checkout transactions. Immediate fix required! (Tracking code: TRK-243),urgent_action,business_intent,TH_113,GRP_4,2026-01-06T14:01:00+00:00
D1_1284,HIGH PRIORITY: Data compliance audit submission due in 2 hours - Ref #144,URGENT: The regulatory compliance team requires signed data audit forms before 4 PM today. Please complete immediately. (Tracking code: TRK-244),urgent_action,business_intent,TH_114,GRP_5,2026-01-06T17:08:00+00:00
D1_1285,CRITICAL API OUTAGE: Customer authentication service offline - Ref #145,URGENT: OAuth service is failing globally. All customer logins are currently blocked. Escalating to P0 incident. (Tracking code: TRK-245),urgent_action,business_intent,TH_100,GRP_1,2026-01-06T20:15:00+00:00
D1_1286,ACTION REQUIRED: Password reset forced due to credential compromise - Ref #146,URGENT: All engineering staff must reset their corporate VPN credentials immediately following a credential leak alert. (Tracking code: TRK-246),urgent_action,business_intent,TH_101,GRP_2,2026-01-06T23:22:00+00:00
D1_1287,CRITICAL BUG: Data loss issue identified in database migration script - Ref #147,URGENT: Stop all database migration jobs immediately! A critical flaw in script v1.8 is dropping user transaction tables. (Tracking code: TRK-247),urgent_action,business_intent,TH_102,GRP_3,2026-01-07T02:29:00+00:00
D1_1288,CRITICAL: Production server down - Immediate action required - Ref #148,URGENT: Main web application server is completely unresponsive. DevOps team must initiate disaster recovery protocols immediately! (Tracking code: TRK-248),urgent_action,business_intent,TH_103,GRP_4,2026-01-07T05:36:00+00:00
D1_1289,ALERT: Potential security breach detected on admin portal - Ref #149,SECURITY ALERT: Multiple unauthorized root login attempts detected from unrecognized IP address. Lock down admin accounts immediately! (Tracking code: TRK-249),urgent_action,business_intent,TH_104,GRP_5,2026-01-07T08:43:00+00:00
D1_1290,ACTION REQUIRED: Contract renewal deadline expires today - Ref #150,URGENT: The primary cloud vendor contract expires at midnight. Legal and procurement must sign and submit the renewal document before 5 PM! (Tracking code: TRK-250),urgent_action,business_intent,TH_105,GRP_1,2026-01-07T11:50:00+00:00
D1_1291,URGENT: Customer payment processing pipeline failing - Ref #151,CRITICAL ERROR: Payment gateway integration is throwing 500 server errors for all checkout transactions. Immediate fix required! (Tracking code: TRK-251),urgent_action,business_intent,TH_106,GRP_2,2026-01-07T14:57:00+00:00
D1_1292,HIGH PRIORITY: Data compliance audit submission due in 2 hours - Ref #152,URGENT: The regulatory compliance team requires signed data audit forms before 4 PM today. Please complete immediately. (Tracking code: TRK-252),urgent_action,business_intent,TH_107,GRP_3,2026-01-07T18:04:00+00:00
D1_1293,CRITICAL API OUTAGE: Customer authentication service offline - Ref #153,URGENT: OAuth service is failing globally. All customer logins are currently blocked. Escalating to P0 incident. (Tracking code: TRK-253),urgent_action,business_intent,TH_108,GRP_4,2026-01-07T21:11:00+00:00
D1_1294,ACTION REQUIRED: Password reset forced due to credential compromise - Ref #154,URGENT: All engineering staff must reset their corporate VPN credentials immediately following a credential leak alert. (Tracking code: TRK-254),urgent_action,business_intent,TH_109,GRP_5,2026-01-08T00:18:00+00:00
D1_1295,CRITICAL BUG: Data loss issue identified in database migration script - Ref #155,URGENT: Stop all database migration jobs immediately! A critical flaw in script v1.8 is dropping user transaction tables. (Tracking code: TRK-255),urgent_action,business_intent,TH_110,GRP_1,2026-01-08T03:25:00+00:00
D1_1296,CRITICAL: Production server down - Immediate action required - Ref #156,URGENT: Main web application server is completely unresponsive. DevOps team must initiate disaster recovery protocols immediately! (Tracking code: TRK-256),urgent_action,business_intent,TH_111,GRP_2,2026-01-08T06:32:00+00:00
D1_1297,ALERT: Potential security breach detected on admin portal - Ref #157,SECURITY ALERT: Multiple unauthorized root login attempts detected from unrecognized IP address. Lock down admin accounts immediately! (Tracking code: TRK-257),urgent_action,business_intent,TH_112,GRP_3,2026-01-08T09:39:00+00:00
D1_1298,ACTION REQUIRED: Contract renewal deadline expires today - Ref #158,URGENT: The primary cloud vendor contract expires at midnight. Legal and procurement must sign and submit the renewal document before 5 PM! (Tracking code: TRK-258),urgent_action,business_intent,TH_113,GRP_4,2026-01-08T12:46:00+00:00
D1_1299,URGENT: Customer payment processing pipeline failing - Ref #159,CRITICAL ERROR: Payment gateway integration is throwing 500 server errors for all checkout transactions. Immediate fix required! (Tracking code: TRK-259),urgent_action,business_intent,TH_114,GRP_5,2026-01-08T15:53:00+00:00
D1_1300,"CONGRATULATIONS! You have won $10,000,000 cash prize!","Dear Lucky Winner, Claim your mega cash jackpot prize now by clicking this link and providing your credit card details immediately!",spam,business_intent,TH_100,GRP_1,2026-01-01T00:00:00+00:00
D1_1301,Exclusive discount on cheap pharmaceuticals & online degrees!,Buy discount medications and earn an accredited university diploma online in 24 hours without exams! Limited time offer!,spam,business_intent,TH_101,GRP_2,2026-01-01T03:07:00+00:00
D1_1302,Urgent wire transfer request from CEO,"Hello, I am currently in a meeting and need you to urgently transfer $5,000 via gift cards or wire transfer to this bank account.",spam,business_intent,TH_102,GRP_3,2026-01-01T06:14:00+00:00
D1_1303,Double your Bitcoin in 24 hours with guaranteed returns!,Invest in our revolutionary crypto automated bot and earn 200% daily ROI guaranteed. Click here to deposit funds!,spam,business_intent,TH_103,GRP_4,2026-01-01T09:21:00+00:00
D1_1304,Low cost SEO services - Rank #1 on Google in 3 days!,"Dear Website Owner, We offer guaranteed top search engine rankings for only $49/month. Contact us now for a free quote!",spam,business_intent,TH_104,GRP_5,2026-01-01T12:28:00+00:00
D1_1305,Get rich quick with work from home opportunity!,Earn $500 per hour typing emails from home! No experience required! Sign up today and get an instant $100 bonus!,spam,business_intent,TH_105,GRP_1,2026-01-01T15:35:00+00:00
D1_1306,Refinance your mortgage with 0% interest rate today!,Pre-approved mortgage refinancing offer! Lower your monthly payments to zero! Click here to claim your quote!,spam,business_intent,TH_106,GRP_2,2026-01-01T18:42:00+00:00
D1_1307,Unclaimed inheritance fund of $5.5 Million waiting for you,"Dear Friend, I am a barrister representing a deceased client with your surname. Contact me to transfer $5.5M to your account.",spam,business_intent,TH_107,GRP_3,2026-01-01T21:49:00+00:00
D1_1308,"CONGRATULATIONS! You have won $10,000,000 cash prize! - Ref #108","Dear Lucky Winner, Claim your mega cash jackpot prize now by clicking this link and providing your credit card details immediately! (Tracking code: TRK-208)",spam,business_intent,TH_108,GRP_4,2026-01-02T00:56:00+00:00
D1_1309,Exclusive discount on cheap pharmaceuticals & online degrees! - Ref #109,Buy discount medications and earn an accredited university diploma online in 24 hours without exams! Limited time offer! (Tracking code: TRK-209),spam,business_intent,TH_109,GRP_5,2026-01-02T04:03:00+00:00
D1_1310,Urgent wire transfer request from CEO - Ref #110,"Hello, I am currently in a meeting and need you to urgently transfer $5,000 via gift cards or wire transfer to this bank account. (Tracking code: TRK-210)",spam,business_intent,TH_110,GRP_1,2026-01-02T07:10:00+00:00
D1_1311,Double your Bitcoin in 24 hours with guaranteed returns! - Ref #111,Invest in our revolutionary crypto automated bot and earn 200% daily ROI guaranteed. Click here to deposit funds! (Tracking code: TRK-211),spam,business_intent,TH_111,GRP_2,2026-01-02T10:17:00+00:00
D1_1312,Low cost SEO services - Rank #1 on Google in 3 days! - Ref #112,"Dear Website Owner, We offer guaranteed top search engine rankings for only $49/month. Contact us now for a free quote! (Tracking code: TRK-212)",spam,business_intent,TH_112,GRP_3,2026-01-02T13:24:00+00:00
D1_1313,Get rich quick with work from home opportunity! - Ref #113,Earn $500 per hour typing emails from home! No experience required! Sign up today and get an instant $100 bonus! (Tracking code: TRK-213),spam,business_intent,TH_113,GRP_4,2026-01-02T16:31:00+00:00
D1_1314,Refinance your mortgage with 0% interest rate today! - Ref #114,Pre-approved mortgage refinancing offer! Lower your monthly payments to zero! Click here to claim your quote! (Tracking code: TRK-214),spam,business_intent,TH_114,GRP_5,2026-01-02T19:38:00+00:00
D1_1315,Unclaimed inheritance fund of $5.5 Million waiting for you - Ref #115,"Dear Friend, I am a barrister representing a deceased client with your surname. Contact me to transfer $5.5M to your account. (Tracking code: TRK-215)",spam,business_intent,TH_100,GRP_1,2026-01-02T22:45:00+00:00
D1_1316,"CONGRATULATIONS! You have won $10,000,000 cash prize! - Ref #116","Dear Lucky Winner, Claim your mega cash jackpot prize now by clicking this link and providing your credit card details immediately! (Tracking code: TRK-216)",spam,business_intent,TH_101,GRP_2,2026-01-03T01:52:00+00:00
D1_1317,Exclusive discount on cheap pharmaceuticals & online degrees! - Ref #117,Buy discount medications and earn an accredited university diploma online in 24 hours without exams! Limited time offer! (Tracking code: TRK-217),spam,business_intent,TH_102,GRP_3,2026-01-03T04:59:00+00:00
D1_1318,Urgent wire transfer request from CEO - Ref #118,"Hello, I am currently in a meeting and need you to urgently transfer $5,000 via gift cards or wire transfer to this bank account. (Tracking code: TRK-218)",spam,business_intent,TH_103,GRP_4,2026-01-03T08:06:00+00:00
D1_1319,Double your Bitcoin in 24 hours with guaranteed returns! - Ref #119,Invest in our revolutionary crypto automated bot and earn 200% daily ROI guaranteed. Click here to deposit funds! (Tracking code: TRK-219),spam,business_intent,TH_104,GRP_5,2026-01-03T11:13:00+00:00
D1_1320,Low cost SEO services - Rank #1 on Google in 3 days! - Ref #120,"Dear Website Owner, We offer guaranteed top search engine rankings for only $49/month. Contact us now for a free quote! (Tracking code: TRK-220)",spam,business_intent,TH_105,GRP_1,2026-01-03T14:20:00+00:00
D1_1321,Get rich quick with work from home opportunity! - Ref #121,Earn $500 per hour typing emails from home! No experience required! Sign up today and get an instant $100 bonus! (Tracking code: TRK-221),spam,business_intent,TH_106,GRP_2,2026-01-03T17:27:00+00:00
D1_1322,Refinance your mortgage with 0% interest rate today! - Ref #122,Pre-approved mortgage refinancing offer! Lower your monthly payments to zero! Click here to claim your quote! (Tracking code: TRK-222),spam,business_intent,TH_107,GRP_3,2026-01-03T20:34:00+00:00
D1_1323,Unclaimed inheritance fund of $5.5 Million waiting for you - Ref #123,"Dear Friend, I am a barrister representing a deceased client with your surname. Contact me to transfer $5.5M to your account. (Tracking code: TRK-223)",spam,business_intent,TH_108,GRP_4,2026-01-03T23:41:00+00:00
D1_1324,"CONGRATULATIONS! You have won $10,000,000 cash prize! - Ref #124","Dear Lucky Winner, Claim your mega cash jackpot prize now by clicking this link and providing your credit card details immediately! (Tracking code: TRK-224)",spam,business_intent,TH_109,GRP_5,2026-01-04T02:48:00+00:00
D1_1325,Exclusive discount on cheap pharmaceuticals & online degrees! - Ref #125,Buy discount medications and earn an accredited university diploma online in 24 hours without exams! Limited time offer! (Tracking code: TRK-225),spam,business_intent,TH_110,GRP_1,2026-01-04T05:55:00+00:00
D1_1326,Urgent wire transfer request from CEO - Ref #126,"Hello, I am currently in a meeting and need you to urgently transfer $5,000 via gift cards or wire transfer to this bank account. (Tracking code: TRK-226)",spam,business_intent,TH_111,GRP_2,2026-01-04T09:02:00+00:00
D1_1327,Double your Bitcoin in 24 hours with guaranteed returns! - Ref #127,Invest in our revolutionary crypto automated bot and earn 200% daily ROI guaranteed. Click here to deposit funds! (Tracking code: TRK-227),spam,business_intent,TH_112,GRP_3,2026-01-04T12:09:00+00:00
D1_1328,Low cost SEO services - Rank #1 on Google in 3 days! - Ref #128,"Dear Website Owner, We offer guaranteed top search engine rankings for only $49/month. Contact us now for a free quote! (Tracking code: TRK-228)",spam,business_intent,TH_113,GRP_4,2026-01-04T15:16:00+00:00
D1_1329,Get rich quick with work from home opportunity! - Ref #129,Earn $500 per hour typing emails from home! No experience required! Sign up today and get an instant $100 bonus! (Tracking code: TRK-229),spam,business_intent,TH_114,GRP_5,2026-01-04T18:23:00+00:00
D1_1330,Refinance your mortgage with 0% interest rate today! - Ref #130,Pre-approved mortgage refinancing offer! Lower your monthly payments to zero! Click here to claim your quote! (Tracking code: TRK-230),spam,business_intent,TH_100,GRP_1,2026-01-04T21:30:00+00:00
D1_1331,Unclaimed inheritance fund of $5.5 Million waiting for you - Ref #131,"Dear Friend, I am a barrister representing a deceased client with your surname. Contact me to transfer $5.5M to your account. (Tracking code: TRK-231)",spam,business_intent,TH_101,GRP_2,2026-01-05T00:37:00+00:00
D1_1332,"CONGRATULATIONS! You have won $10,000,000 cash prize! - Ref #132","Dear Lucky Winner, Claim your mega cash jackpot prize now by clicking this link and providing your credit card details immediately! (Tracking code: TRK-232)",spam,business_intent,TH_102,GRP_3,2026-01-05T03:44:00+00:00
D1_1333,Exclusive discount on cheap pharmaceuticals & online degrees! - Ref #133,Buy discount medications and earn an accredited university diploma online in 24 hours without exams! Limited time offer! (Tracking code: TRK-233),spam,business_intent,TH_103,GRP_4,2026-01-05T06:51:00+00:00
D1_1334,Urgent wire transfer request from CEO - Ref #134,"Hello, I am currently in a meeting and need you to urgently transfer $5,000 via gift cards or wire transfer to this bank account. (Tracking code: TRK-234)",spam,business_intent,TH_104,GRP_5,2026-01-05T09:58:00+00:00
D1_1335,Double your Bitcoin in 24 hours with guaranteed returns! - Ref #135,Invest in our revolutionary crypto automated bot and earn 200% daily ROI guaranteed. Click here to deposit funds! (Tracking code: TRK-235),spam,business_intent,TH_105,GRP_1,2026-01-05T13:05:00+00:00
D1_1336,Low cost SEO services - Rank #1 on Google in 3 days! - Ref #136,"Dear Website Owner, We offer guaranteed top search engine rankings for only $49/month. Contact us now for a free quote! (Tracking code: TRK-236)",spam,business_intent,TH_106,GRP_2,2026-01-05T16:12:00+00:00
D1_1337,Get rich quick with work from home opportunity! - Ref #137,Earn $500 per hour typing emails from home! No experience required! Sign up today and get an instant $100 bonus! (Tracking code: TRK-237),spam,business_intent,TH_107,GRP_3,2026-01-05T19:19:00+00:00
D1_1338,Refinance your mortgage with 0% interest rate today! - Ref #138,Pre-approved mortgage refinancing offer! Lower your monthly payments to zero! Click here to claim your quote! (Tracking code: TRK-238),spam,business_intent,TH_108,GRP_4,2026-01-05T22:26:00+00:00
D1_1339,Unclaimed inheritance fund of $5.5 Million waiting for you - Ref #139,"Dear Friend, I am a barrister representing a deceased client with your surname. Contact me to transfer $5.5M to your account. (Tracking code: TRK-239)",spam,business_intent,TH_109,GRP_5,2026-01-06T01:33:00+00:00
D1_1340,"CONGRATULATIONS! You have won $10,000,000 cash prize! - Ref #140","Dear Lucky Winner, Claim your mega cash jackpot prize now by clicking this link and providing your credit card details immediately! (Tracking code: TRK-240)",spam,business_intent,TH_110,GRP_1,2026-01-06T04:40:00+00:00
D1_1341,Exclusive discount on cheap pharmaceuticals & online degrees! - Ref #141,Buy discount medications and earn an accredited university diploma online in 24 hours without exams! Limited time offer! (Tracking code: TRK-241),spam,business_intent,TH_111,GRP_2,2026-01-06T07:47:00+00:00
D1_1342,Urgent wire transfer request from CEO - Ref #142,"Hello, I am currently in a meeting and need you to urgently transfer $5,000 via gift cards or wire transfer to this bank account. (Tracking code: TRK-242)",spam,business_intent,TH_112,GRP_3,2026-01-06T10:54:00+00:00
D1_1343,Double your Bitcoin in 24 hours with guaranteed returns! - Ref #143,Invest in our revolutionary crypto automated bot and earn 200% daily ROI guaranteed. Click here to deposit funds! (Tracking code: TRK-243),spam,business_intent,TH_113,GRP_4,2026-01-06T14:01:00+00:00
D1_1344,Low cost SEO services - Rank #1 on Google in 3 days! - Ref #144,"Dear Website Owner, We offer guaranteed top search engine rankings for only $49/month. Contact us now for a free quote! (Tracking code: TRK-244)",spam,business_intent,TH_114,GRP_5,2026-01-06T17:08:00+00:00
D1_1345,Get rich quick with work from home opportunity! - Ref #145,Earn $500 per hour typing emails from home! No experience required! Sign up today and get an instant $100 bonus! (Tracking code: TRK-245),spam,business_intent,TH_100,GRP_1,2026-01-06T20:15:00+00:00
D1_1346,Refinance your mortgage with 0% interest rate today! - Ref #146,Pre-approved mortgage refinancing offer! Lower your monthly payments to zero! Click here to claim your quote! (Tracking code: TRK-246),spam,business_intent,TH_101,GRP_2,2026-01-06T23:22:00+00:00
D1_1347,Unclaimed inheritance fund of $5.5 Million waiting for you - Ref #147,"Dear Friend, I am a barrister representing a deceased client with your surname. Contact me to transfer $5.5M to your account. (Tracking code: TRK-247)",spam,business_intent,TH_102,GRP_3,2026-01-07T02:29:00+00:00
D1_1348,"CONGRATULATIONS! You have won $10,000,000 cash prize! - Ref #148","Dear Lucky Winner, Claim your mega cash jackpot prize now by clicking this link and providing your credit card details immediately! (Tracking code: TRK-248)",spam,business_intent,TH_103,GRP_4,2026-01-07T05:36:00+00:00
D1_1349,Exclusive discount on cheap pharmaceuticals & online degrees! - Ref #149,Buy discount medications and earn an accredited university diploma online in 24 hours without exams! Limited time offer! (Tracking code: TRK-249),spam,business_intent,TH_104,GRP_5,2026-01-07T08:43:00+00:00
D1_1350,Urgent wire transfer request from CEO - Ref #150,"Hello, I am currently in a meeting and need you to urgently transfer $5,000 via gift cards or wire transfer to this bank account. (Tracking code: TRK-250)",spam,business_intent,TH_105,GRP_1,2026-01-07T11:50:00+00:00
D1_1351,Double your Bitcoin in 24 hours with guaranteed returns! - Ref #151,Invest in our revolutionary crypto automated bot and earn 200% daily ROI guaranteed. Click here to deposit funds! (Tracking code: TRK-251),spam,business_intent,TH_106,GRP_2,2026-01-07T14:57:00+00:00
D1_1352,Low cost SEO services - Rank #1 on Google in 3 days! - Ref #152,"Dear Website Owner, We offer guaranteed top search engine rankings for only $49/month. Contact us now for a free quote! (Tracking code: TRK-252)",spam,business_intent,TH_107,GRP_3,2026-01-07T18:04:00+00:00
D1_1353,Get rich quick with work from home opportunity! - Ref #153,Earn $500 per hour typing emails from home! No experience required! Sign up today and get an instant $100 bonus! (Tracking code: TRK-253),spam,business_intent,TH_108,GRP_4,2026-01-07T21:11:00+00:00
D1_1354,Refinance your mortgage with 0% interest rate today! - Ref #154,Pre-approved mortgage refinancing offer! Lower your monthly payments to zero! Click here to claim your quote! (Tracking code: TRK-254),spam,business_intent,TH_109,GRP_5,2026-01-08T00:18:00+00:00
D1_1355,Unclaimed inheritance fund of $5.5 Million waiting for you - Ref #155,"Dear Friend, I am a barrister representing a deceased client with your surname. Contact me to transfer $5.5M to your account. (Tracking code: TRK-255)",spam,business_intent,TH_110,GRP_1,2026-01-08T03:25:00+00:00
D1_1356,"CONGRATULATIONS! You have won $10,000,000 cash prize! - Ref #156","Dear Lucky Winner, Claim your mega cash jackpot prize now by clicking this link and providing your credit card details immediately! (Tracking code: TRK-256)",spam,business_intent,TH_111,GRP_2,2026-01-08T06:32:00+00:00
D1_1357,Exclusive discount on cheap pharmaceuticals & online degrees! - Ref #157,Buy discount medications and earn an accredited university diploma online in 24 hours without exams! Limited time offer! (Tracking code: TRK-257),spam,business_intent,TH_112,GRP_3,2026-01-08T09:39:00+00:00
D1_1358,Urgent wire transfer request from CEO - Ref #158,"Hello, I am currently in a meeting and need you to urgently transfer $5,000 via gift cards or wire transfer to this bank account. (Tracking code: TRK-258)",spam,business_intent,TH_113,GRP_4,2026-01-08T12:46:00+00:00
D1_1359,Double your Bitcoin in 24 hours with guaranteed returns! - Ref #159,Invest in our revolutionary crypto automated bot and earn 200% daily ROI guaranteed. Click here to deposit funds! (Tracking code: TRK-259),spam,business_intent,TH_114,GRP_5,2026-01-08T15:53:00+00:00
